cod_mpio,municipio,departamento,riesgo_nivel,score_anomalia,idx_minero,idx_deforestacion,idx_fuego,idx_hidrico,idx_sensibilidad,es_anomalia
50350,LA MACARENA,META,Crítico,1.0,0.2121,0.9652,0.6871,0.0,1.0,1
50325,MAPIRIPÁN,META,Crítico,0.9363,0.0,0.9098,0.713,0.0,0.7004,1
99773,CUMARIBO,VICHADA,Crítico,0.9346,0.1102,0.8564,0.8971,0.0,0.0,1
73200,COELLO,TOLIMA,Crítico,0.9142,0.7868,0.0,0.5801,0.49,0.0,1
68081,BARRANCABERMEJA,SANTANDER,Crítico,0.8959,0.73,0.0,0.4561,0.43,0.7133,1
18753,SAN VICENTE DEL CAGUÁN,CAQUETÁ,Crítico,0.8906,0.3478,1.0,0.539,0.0,0.6335,1
50370,URIBE,META,Crítico,0.8711,0.2112,0.8582,0.0,0.0,1.0,1
18150,CARTAGENA DEL CHAIRÁ,CAQUETÁ,Crítico,0.8671,0.0,0.9839,0.3203,0.0,0.5515,1
50590,PUERTO RICO,META,Crítico,0.8623,0.134,0.8379,0.0,0.0,1.0,1
20178,CHIRIGUANÁ,CESAR,Crítico,0.8414,0.4954,0.0,0.9923,0.305,0.0,1
85139,MANÍ,CASANARE,Crítico,0.8326,0.4103,0.0,0.5916,0.4,0.6337,1
13430,MAGANGUÉ,BOLÍVAR,Alto,0.8255,0.2489,0.0,0.7014,0.39,0.0,1
73275,FLANDES,TOLIMA,Crítico,0.8236,0.6896,0.0,0.2976,0.473,0.0,1
23466,MONTELÍBANO,CÓRDOBA,Crítico,0.8226,0.6158,0.0,0.4304,0.46,0.25,1
20621,LA PAZ,CESAR,Crítico,0.8144,0.5154,0.0,0.7053,0.391,0.25,1
81220,CRAVO NORTE,ARAUCA,Medio,0.8063,0.0,0.0,0.5853,0.234,0.8128,1
50006,ACACÍAS,META,Crítico,0.8062,0.7731,0.0,0.0497,0.4,0.6273,1
50568,PUERTO GAITÁN,META,Crítico,0.7969,0.4318,0.5224,0.8073,0.0,0.537,1
95025,EL RETORNO,GUAVIARE,Alto,0.7968,0.0,0.8771,0.0,0.0,0.8181,1
25286,FUNZA,CUNDINAMARCA,Bajo,0.7874,0.0,0.0,0.0,0.567,0.478,1
41306,GIGANTE,HUILA,Bajo,0.7871,0.0266,0.0,0.0,0.43,0.6656,1
44650,SAN JUAN DEL CESAR,LA GUAJIRA,Alto,0.7654,0.1171,0.0,0.6889,0.18,0.7529,1
86320,ORITO,PUTUMAYO,Crítico,0.7503,0.6224,0.6828,0.0,0.0,0.843,1
50711,VISTAHERMOSA,META,Crítico,0.748,0.2605,0.8294,0.1735,0.0,0.25,1
95001,SAN JOSÉ DEL GUAVIARE,GUAVIARE,Crítico,0.7478,0.5171,0.9686,0.0,0.0,0.25,1
18610,SAN JOSÉ DEL FRAGUA,CAQUETÁ,Alto,0.7447,0.1095,0.5374,0.0,0.0,0.9686,1
25851,ÚTICA,CUNDINAMARCA,Medio,0.7423,0.1907,0.0,0.0,0.6,0.0,1
20295,GAMARRA,CESAR,Medio,0.7368,0.2869,0.0,0.4173,0.37,0.0,1
76892,YUMBO,VALLE DEL CAUCA,Crítico,0.7339,0.8367,0.0,0.0,0.32,0.5642,1
25740,SIBATÉ,CUNDINAMARCA,Medio,0.7252,0.2029,0.0,0.0,0.5,0.3178,1
19001,POPAYÁN,CAUCA,Crítico,0.713,0.6541,0.0,0.3869,0.33,0.309,1
50450,PUERTO CONCORDIA,META,Crítico,0.7125,0.2911,0.598,0.0,0.0,0.905,1
20570,PUEBLO BELLO,CESAR,Alto,0.7063,0.1856,0.0,0.6419,0.0,1.0,1
86571,PUERTO GUZMÁN,PUTUMAYO,Crítico,0.7032,0.4522,0.8696,0.0,0.0,0.25,1
18756,SOLANO,CAQUETÁ,Crítico,0.7028,0.2555,0.8673,0.0,0.0,0.25,1
95015,CALAMAR,GUAVIARE,Alto,0.699,0.0,0.9108,0.0,0.0,0.25,1
15572,PUERTO BOYACÁ,BOYACÁ,Crítico,0.6962,0.713,0.0,0.3627,0.3,0.0,1
44090,DIBULLA,LA GUAJIRA,Crítico,0.6938,0.5071,0.0,0.9279,0.0,0.8343,1
47245,EL BANCO,MAGDALENA,Medio,0.6925,0.2564,0.0,0.6626,0.25,0.0,1
5495,NECHÍ,ANTIOQUIA,Crítico,0.6916,0.6294,0.0,0.0,0.25,0.8976,1
86573,PUERTO LEGUÍZAMO,PUTUMAYO,Crítico,0.6824,0.3506,0.8349,0.0,0.0,0.25,1
20001,VALLEDUPAR,CESAR,Crítico,0.6821,0.8259,0.0,0.6723,0.0,0.7827,1
13473,MORALES,BOLÍVAR,Crítico,0.6742,0.5963,0.0,0.472,0.298,0.25,1
85001,YOPAL,CASANARE,Crítico,0.6713,0.7334,0.0,0.0801,0.26,0.5569,1
19473,MORALES,CAUCA,Medio,0.6709,0.3323,0.0,0.0,0.45,0.3086,1
20175,CHIMICHAGUA,CESAR,Crítico,0.6694,0.6191,0.0,0.9354,0.0,0.7574,1
94887,PANA PANA,GUAINÍA,Medio,0.6658,0.0,0.4723,0.0,0.0,0.8893,1
99524,LA PRIMAVERA,VICHADA,Medio,0.6621,0.0209,0.0,0.8773,0.0,0.6929,1
13212,CÓRDOBA,BOLÍVAR,Medio,0.662,0.0098,0.0,0.5408,0.0,0.9575,1
11001,"BOGOTÁ, D.C.","BOGOTÁ, D.C.",Crítico,0.6614,0.7163,0.0,0.1321,0.193,0.6063,1
41206,COLOMBIA,HUILA,Bajo,0.6575,0.0,0.0,0.0,0.41,0.0,1
54245,EL CARMEN,NORTE DE SANTANDER,Medio,0.6518,0.0332,0.0,0.8941,0.0,0.5195,1
5390,LA PINTADA,ANTIOQUIA,Alto,0.6508,0.6505,0.0,0.0,0.37,0.4022,1
20228,CURUMANÍ,CESAR,Crítico,0.6485,0.7368,0.0,0.732,0.0,0.7663,1
54518,PAMPLONA,NORTE DE SANTANDER,Medio,0.6463,0.4603,0.0,0.0,0.41,0.0,1
86568,PUERTO ASÍS,PUTUMAYO,Crítico,0.6459,0.4297,0.7223,0.0,0.0,0.5869,1
44378,HATONUEVO,LA GUAJIRA,Alto,0.6436,0.5256,0.0,0.2044,0.27,0.5938,1
18410,LA MONTAÑITA,CAQUETÁ,Alto,0.6401,0.082,0.6435,0.0,0.0,0.7132,0
95200,MIRAFLORES,GUAVIARE,Medio,0.6397,0.0272,0.7503,0.0,0.0,0.25,0
70713,SAN ONOFRE,SUCRE,Bajo,0.633,0.0,0.0,0.2278,0.0,1.0,0
68573,PUERTO PARRA,SANTANDER,Bajo,0.6284,0.0,0.0,0.1932,0.2,0.6637,0
54001,SAN JOSÉ DE CÚCUTA,NORTE DE SANTANDER,Crítico,0.6242,0.9469,0.0,0.6442,0.0,0.0,0
52573,PUERRES,NARIÑO,Alto,0.6235,0.305,0.2721,0.6539,0.0,0.0,0
52540,POLICARPA,NARIÑO,Bajo,0.6219,0.0061,0.0,0.0,0.329,0.25,0
19533,PIAMONTE,CAUCA,Crítico,0.6159,0.3102,0.6278,0.0,0.0,0.7342,0
5440,MARINILLA,ANTIOQUIA,Bajo,0.6142,0.1171,0.0,0.0,0.365,0.0,0
19809,TIMBIQUÍ,CAUCA,Crítico,0.6102,1.0,0.0,0.0,0.0,0.8543,0
97001,MITÚ,VAUPÉS,Medio,0.6071,0.2187,0.706,0.0,0.0,0.0,0
18460,MILÁN,CAQUETÁ,Medio,0.6043,0.0,0.5939,0.0,0.0,0.7151,0
86001,MOCOA,PUTUMAYO,Crítico,0.6037,0.4977,0.5501,0.0,0.0,0.7779,0
20443,MANAURE BALCÓN DEL CESAR,CESAR,Alto,0.6008,0.3027,0.0,0.618,0.0,0.893,0
86760,SANTIAGO,PUTUMAYO,Medio,0.5979,0.0404,0.4962,0.0,0.0,0.6918,0
19110,BUENOS AIRES,CAUCA,Alto,0.5948,0.6819,0.0,0.349,0.165,0.25,0
68307,GIRÓN,SANTANDER,Crítico,0.5948,0.8083,0.0,0.6851,0.0,0.524,0
13268,EL PEÑÓN,BOLÍVAR,Bajo,0.5935,0.0,0.0,1.0,0.0,0.0,0
15332,GÜICÁN DE LA SIERRA,BOYACÁ,Bajo,0.5903,0.1392,0.0,0.0,0.155,0.8074,0
91540,PUERTO NARIÑO,AMAZONAS,Bajo,0.5898,0.0,0.3691,0.0,0.0,0.7988,0
94001,INÍRIDA,GUAINÍA,Crítico,0.5895,0.5009,0.6368,0.0,0.0,0.4415,0
44001,RIOHACHA,LA GUAJIRA,Crítico,0.5889,0.6255,0.0,0.9123,0.0,0.523,0
19701,SANTA ROSA,CAUCA,Crítico,0.5873,0.634,0.5306,0.0,0.0,0.5967,0
25873,VILLAPINZÓN,CUNDINAMARCA,Alto,0.587,0.7062,0.0,0.0,0.285,0.4653,0
50330,MESETAS,META,Alto,0.586,0.2536,0.6913,0.0,0.0,0.25,0
18860,VALPARAÍSO,CAQUETÁ,Medio,0.5787,0.0,0.589,0.0,0.0,0.5952,0
86569,PUERTO CAICEDO,PUTUMAYO,Crítico,0.5775,0.4601,0.6785,0.0,0.0,0.25,0
76364,JAMUNDÍ,VALLE DEL CAUCA,Crítico,0.5773,0.8051,0.0,0.6401,0.0,0.4847,0
91669,PUERTO SANTANDER,AMAZONAS,Medio,0.5763,0.0,0.7252,0.0,0.0,0.0,0
8001,BARRANQUILLA,ATLÁNTICO,Medio,0.5677,0.5599,0.0,0.0,0.339,0.0,0
86885,VILLAGARZÓN,PUTUMAYO,Alto,0.5655,0.3615,0.6203,0.0,0.0,0.3972,0
66594,QUINCHÍA,RISARALDA,Alto,0.5652,0.7217,0.0,0.0,0.27,0.3586,0
86865,VALLE DEL GUAMUEZ,PUTUMAYO,Medio,0.5601,0.1929,0.6367,0.0,0.0,0.25,0
54810,TIBÚ,NORTE DE SANTANDER,Crítico,0.5585,0.6276,0.0,0.8618,0.0,0.502,0
47555,PLATO,MAGDALENA,Medio,0.5527,0.1954,0.0,0.9034,0.0,0.0,0
76616,RIOFRÍO,VALLE DEL CAUCA,Medio,0.5513,0.4883,0.0,0.0,0.33,0.1973,0
94886,CACAHUAL,GUAINÍA,Bajo,0.5495,0.0,0.6906,0.0,0.0,0.0,0
76563,PRADERA,VALLE DEL CAUCA,Bajo,0.5404,0.037,0.0,0.5517,0.0,0.7811,0
20250,EL PASO,CESAR,Alto,0.5378,0.3857,0.0,0.8075,0.0,0.3357,0
18256,EL PAUJÍL,CAQUETÁ,Crítico,0.5366,0.5292,0.4714,0.0,0.0,0.6751,0
18094,BELÉN DE LOS ANDAQUÍES,CAQUETÁ,Crítico,0.5362,0.4531,0.5224,0.0,0.0,0.6306,0
19050,ARGELIA,CAUCA,Bajo,0.5332,0.0367,0.0,0.4385,0.0,0.8183,0
15322,GUATEQUE,BOYACÁ,Bajo,0.5306,0.2926,0.0,0.0,0.33,0.0,0
54261,EL ZULIA,NORTE DE SANTANDER,Crítico,0.5304,0.882,0.0,0.4706,0.0,0.0,0
18205,CURILLO,CAQUETÁ,Bajo,0.5304,0.0,0.4891,0.0,0.0,0.5079,0
13667,SAN MARTÍN DE LOBA,BOLÍVAR,Crítico,0.5298,0.8335,0.0,0.6155,0.0,0.0,0
5792,TARSO,ANTIOQUIA,Bajo,0.5295,0.263,0.0,0.0,0.31,0.2577,0
52022,ALDANA,NARIÑO,Bajo,0.5293,0.0,0.0,0.0,0.297,0.0,0
25293,GACHALÁ,CUNDINAMARCA,Alto,0.5277,0.6829,0.0,0.0,0.243,0.4761,0
19256,EL TAMBO,CAUCA,Crítico,0.5255,0.7899,0.0,0.4818,0.0,0.5942,0
50689,SAN MARTÍN,META,Crítico,0.5224,0.5316,0.0,0.8192,0.0,0.3441,0
52356,IPIALES,NARIÑO,Alto,0.5208,0.4958,0.563,0.0,0.0,0.0,0
52110,BUESACO,NARIÑO,Bajo,0.5181,0.0,0.0,0.8361,0.0,0.0,0
88564,PROVIDENCIA,"ARCHIPIÉLAGO DE SAN ANDRÉS, PROVIDENCIA Y SANTA CATALINA",Bajo,0.5169,0.0,0.0,0.0,0.0,1.0,0
73671,SALDAÑA,TOLIMA,Medio,0.5149,0.5101,0.0,0.0,0.31,0.0,0
99001,PUERTO CARREÑO,VICHADA,Alto,0.5144,0.4566,0.0,0.8157,0.0,0.5736,0
73001,IBAGUÉ,TOLIMA,Crítico,0.5143,0.6814,0.0,0.7031,0.0,0.589,0
54720,SARDINATA,NORTE DE SANTANDER,Crítico,0.5124,0.7529,0.0,0.6553,0.0,0.25,0
44035,ALBANIA,LA GUAJIRA,Alto,0.5101,0.4165,0.0,0.7507,0.0,0.6866,0
52001,PASTO,NARIÑO,Crítico,0.5099,0.6243,0.3489,0.0,0.0,0.5407,0
47707,SANTA ANA,MAGDALENA,Bajo,0.5091,0.0,0.0,0.7136,0.0,0.3234,0
70230,CHALÁN,SUCRE,Bajo,0.5086,0.0,0.0,0.4586,0.0,0.8159,0
5154,CAUCASIA,ANTIOQUIA,Alto,0.5081,0.6916,0.0,0.0,0.25,0.25,0
18247,EL DONCELLO,CAQUETÁ,Alto,0.5062,0.4067,0.4577,0.0,0.0,0.5621,0
97666,TARAIRA,VAUPÉS,Bajo,0.5055,0.1261,0.519,0.0,0.0,0.0,0
94343,BARRANCOMINAS,GUAINÍA,Bajo,0.5055,0.0,0.6368,0.0,0.0,0.0,0
41020,ALGECIRAS,HUILA,Bajo,0.5055,0.0,0.0,0.0,0.0,0.9901,0
5480,MUTATÁ,ANTIOQUIA,Alto,0.5045,0.6176,0.0,0.0,0.0,1.0,0
97511,PACOA,VAUPÉS,Bajo,0.504,0.0,0.633,0.0,0.0,0.0,0
70508,OVEJAS,SUCRE,Bajo,0.5037,0.0,0.0,0.6747,0.0,0.6296,0
19290,FLORENCIA,CAUCA,Bajo,0.5019,0.0,0.6305,0.0,0.0,0.0,0
47001,SANTA MARTA,MAGDALENA,Alto,0.4982,0.5952,0.0,0.2485,0.0,0.8857,0
27006,ACANDÍ,CHOCÓ,Medio,0.4965,0.2764,0.0,0.0,0.0,1.0,0
20045,BECERRIL,CESAR,Alto,0.4948,0.4025,0.0,0.7441,0.0,0.625,0
20013,AGUSTÍN CODAZZI,CESAR,Medio,0.4911,0.2408,0.0,0.7537,0.0,0.25,0
27250,EL LITORAL DEL SAN JUAN,CHOCÓ,Bajo,0.4908,0.0064,0.0,0.0,0.0,0.9462,0
91001,LETICIA,AMAZONAS,Bajo,0.4903,0.1092,0.5052,0.0,0.0,0.0,0
86757,SAN MIGUEL,PUTUMAYO,Alto,0.4898,0.3386,0.5238,0.0,0.0,0.25,0
5209,CONCORDIA,ANTIOQUIA,Bajo,0.4897,0.0,0.0,0.0,0.25,0.0,0
50683,SAN JUAN DE ARAMA,META,Alto,0.4893,0.3699,0.5085,0.0,0.0,0.2692,0
25377,LA CALERA,CUNDINAMARCA,Bajo,0.4876,0.0,0.0,0.0,0.199,0.3377,0
52473,MOSQUERA,NARIÑO,Bajo,0.4873,0.0,0.0,0.0,0.0,0.976,0
5895,ZARAGOZA,ANTIOQUIA,Alto,0.4835,0.6445,0.0,0.0,0.0,0.9683,0
18785,SOLITA,CAQUETÁ,Bajo,0.4819,0.0,0.4777,0.0,0.0,0.25,0
54498,OCAÑA,NORTE DE SANTANDER,Medio,0.4817,0.4207,0.0,0.0,0.24,0.4994,0
18479,MORELIA,CAQUETÁ,Alto,0.4804,0.3726,0.3119,0.0,0.0,0.7385,0
25154,CARMEN DE CARUPA,CUNDINAMARCA,Medio,0.4757,0.3993,0.0,0.0,0.22,0.1539,0
25845,UNE,CUNDINAMARCA,Bajo,0.4754,0.3357,0.0,0.0,0.28,0.0,0
97161,CARURÚ,VAUPÉS,Bajo,0.4746,0.0,0.5916,0.0,0.0,0.0,0
15778,SUTATENZA,BOYACÁ,Medio,0.4743,0.5302,0.0,0.0,0.26,0.0,0
15518,PAJARITO,BOYACÁ,Bajo,0.4739,0.0,0.0,0.0,0.163,0.5401,0
86755,SAN FRANCISCO,PUTUMAYO,Alto,0.4722,0.4463,0.3234,0.0,0.0,0.6734,0
73461,MURILLO,TOLIMA,Bajo,0.4707,0.2145,0.0,0.0,0.2,0.4718,0
27800,UNGUÍA,CHOCÓ,Medio,0.4696,0.3008,0.0,0.0,0.0,0.9917,0
50226,CUMARAL,META,Alto,0.4678,0.5868,0.0,0.0,0.24,0.2613,0
15761,SOMONDOCO,BOYACÁ,Medio,0.4656,0.6721,0.0,0.0,0.207,0.0,0
52835,SAN ANDRÉS DE TUMACO,NARIÑO,Alto,0.4644,0.5188,0.0,0.0,0.0,1.0,0
13244,EL CARMEN DE BOLÍVAR,BOLÍVAR,Bajo,0.4611,0.0298,0.0,0.5544,0.0,0.5901,0
52378,LA CRUZ,NARIÑO,Bajo,0.4607,0.0,0.0,0.5451,0.0,0.7093,0
97889,YAVARATÉ,VAUPÉS,Bajo,0.459,0.0,0.5715,0.0,0.0,0.0,0
47551,PIVIJAY,MAGDALENA,Bajo,0.4589,0.0,0.0,0.7607,0.0,0.0,0
76109,BUENAVENTURA,VALLE DEL CAUCA,Alto,0.4554,0.4898,0.0,0.0,0.0,0.9913,0
50124,CABUYARO,META,Medio,0.4553,0.4268,0.0,0.0,0.19,0.6377,0
91798,TARAPACÁ,AMAZONAS,Bajo,0.4493,0.0,0.5391,0.0,0.0,0.0,0
44855,URUMITA,LA GUAJIRA,Medio,0.4474,0.1171,0.0,0.5373,0.0,0.6597,0
91405,LA CHORRERA,AMAZONAS,Bajo,0.4459,0.0,0.5601,0.0,0.0,0.0,0
94884,PUERTO COLOMBIA,GUAINÍA,Bajo,0.4456,0.0,0.5597,0.0,0.0,0.0,0
19760,SOTARÁ - PAISPAMBA,CAUCA,Medio,0.4453,0.3913,0.0,0.0,0.14,0.731,0
54673,SAN CAYETANO,NORTE DE SANTANDER,Crítico,0.4435,0.7827,0.0,0.3031,0.0,0.5454,0
91530,PUERTO ALEGRÍA,AMAZONAS,Bajo,0.4434,0.0,0.5564,0.0,0.0,0.0,0
13654,SAN JACINTO,BOLÍVAR,Bajo,0.443,0.0,0.0,0.5725,0.0,0.6012,0
25530,PARATEBUENO,CUNDINAMARCA,Medio,0.4412,0.542,0.0,0.0,0.226,0.0,0
91460,MIRITÍ - PARANÁ,AMAZONAS,Bajo,0.4412,0.0,0.5328,0.0,0.0,0.0,0
91407,LA PEDRERA,AMAZONAS,Bajo,0.4366,0.0,0.516,0.0,0.0,0.0,0
27001,QUIBDÓ,CHOCÓ,Alto,0.4324,0.6417,0.0,0.0,0.11,0.66,0
19418,LÓPEZ DE MICAY,CAUCA,Medio,0.4312,0.3567,0.0,0.0,0.0,0.9649,0
5591,PUERTO TRIUNFO,ANTIOQUIA,Alto,0.4292,0.6417,0.0,0.0,0.17,0.3241,0
13600,RÍO VIEJO,BOLÍVAR,Alto,0.4276,0.6391,0.0,0.7077,0.0,0.0,0
91263,EL ENCANTO,AMAZONAS,Bajo,0.4263,0.0,0.4438,0.0,0.0,0.0,0
25839,UBALÁ,CUNDINAMARCA,Alto,0.4261,0.7293,0.0,0.0,0.105,0.3636,0
25183,CHOCONTÁ,CUNDINAMARCA,Bajo,0.4255,0.2342,0.0,0.0,0.21,0.0,0
44078,BARRANCAS,LA GUAJIRA,Alto,0.4255,0.438,0.0,0.6119,0.0,0.6807,0
94888,MORICHAL,GUAINÍA,Bajo,0.4247,0.0,0.4884,0.0,0.0,0.0,0
91536,PUERTO ARICA,AMAZONAS,Bajo,0.4247,0.0,0.4884,0.0,0.0,0.0,0
54206,CONVENCIÓN,NORTE DE SANTANDER,Bajo,0.424,0.0,0.0,0.6234,0.0,0.25,0
47798,TENERIFE,MAGDALENA,Bajo,0.4236,0.0,0.0,0.7277,0.0,0.0,0
47545,PIJIÑO DEL CARMEN,MAGDALENA,Bajo,0.4236,0.0,0.0,0.7276,0.0,0.0,0
97777,PAPUNAHUA,VAUPÉS,Bajo,0.4234,0.0,0.4706,0.0,0.0,0.0,0
25653,SAN CAYETANO,CUNDINAMARCA,Bajo,0.4216,0.2582,0.0,0.0,0.21,0.0,0
94885,LA GUADALUPE,GUAINÍA,Bajo,0.4207,0.0,0.436,0.0,0.0,0.0,0
5490,NECOCLÍ,ANTIOQUIA,Bajo,0.4205,0.0,0.0,0.0,0.0,0.9105,0
52250,EL CHARCO,NARIÑO,Medio,0.4194,0.3724,0.0,0.0,0.0,0.9539,0
13549,PINILLOS,BOLÍVAR,Bajo,0.4189,0.0,0.0,0.7142,0.0,0.0,0
99624,SANTA ROSALÍA,VICHADA,Bajo,0.4175,0.0033,0.0,0.49,0.0,0.6605,0
25297,GACHETÁ,CUNDINAMARCA,Medio,0.4174,0.4668,0.0,0.0,0.18,0.5102,0
94883,SAN FELIPE,GUAINÍA,Bajo,0.4154,0.0,0.3736,0.0,0.0,0.0,0
91430,LA VICTORIA,AMAZONAS,Bajo,0.4148,0.0,0.3714,0.0,0.0,0.0,0
73622,RONCESVALLES,TOLIMA,Bajo,0.4111,0.0,0.0,0.2953,0.0,0.7536,0
19693,SAN SEBASTIÁN,CAUCA,Bajo,0.4108,0.0,0.3668,0.0,0.0,0.0,0
5045,APARTADÓ,ANTIOQUIA,Medio,0.4082,0.3915,0.0,0.0,0.0,0.9378,0
5854,VALDIVIA,ANTIOQUIA,Alto,0.408,0.6393,0.0,0.0,0.0,0.8935,0
50573,PUERTO LÓPEZ,META,Alto,0.4069,0.5517,0.0,0.6575,0.0,0.4065,0
23068,AYAPEL,CÓRDOBA,Alto,0.4052,0.5866,0.0,0.2991,0.0,0.7706,0
19450,MERCADERES,CAUCA,Medio,0.4043,0.3894,0.0,0.6629,0.0,0.25,0
20400,LA JAGUA DE IBIRICO,CESAR,Alto,0.4019,0.4727,0.0,0.6983,0.0,0.25,0
17662,SAMANÁ,CALDAS,Medio,0.401,0.3105,0.0,0.5649,0.0,0.589,0
19075,BALBOA,CAUCA,Bajo,0.401,0.0,0.0,0.5881,0.0,0.25,0
15861,VENTAQUEMADA,BOYACÁ,Alto,0.4005,0.5314,0.0,0.0,0.147,0.5958,0
41359,ISNOS,HUILA,Bajo,0.3992,0.0363,0.0,0.0,0.09,0.656,0
20787,TAMALAMEQUE,CESAR,Medio,0.3968,0.3704,0.0,0.6993,0.0,0.0,0
68190,CIMITARRA,SANTANDER,Alto,0.3967,0.5999,0.0,0.6113,0.0,0.3973,0
13688,SANTA ROSA DEL SUR,BOLÍVAR,Alto,0.3955,0.6237,0.0,0.6359,0.0,0.25,0
15759,SOGAMOSO,BOYACÁ,Alto,0.3926,0.9443,0.0,0.0,0.0,0.041,0
13657,SAN JUAN NEPOMUCENO,BOLÍVAR,Alto,0.3881,0.4168,0.0,0.4251,0.0,0.7354,0
81794,TAME,ARAUCA,Alto,0.3873,0.5753,0.0,0.3287,0.0,0.7236,0
63212,CÓRDOBA,QUINDÍO,Bajo,0.3872,0.2485,0.3234,0.0,0.0,0.0,0
73678,SAN LUIS,TOLIMA,Alto,0.3863,0.7892,0.0,0.3048,0.0,0.0,0
19845,VILLA RICA,CAUCA,Medio,0.386,0.617,0.0,0.0,0.15,0.0,0
41001,NEIVA,HUILA,Alto,0.3854,0.7142,0.0,0.429,0.0,0.2531,0
54003,ÁBREGO,NORTE DE SANTANDER,Alto,0.3838,0.446,0.0,0.5919,0.0,0.5746,0
17001,MANIZALES,CALDAS,Crítico,0.3837,0.8611,0.0,0.0,0.0,0.593,0
76275,FLORIDA,VALLE DEL CAUCA,Bajo,0.383,0.1939,0.0,0.2704,0.0,0.7585,0
25224,CUCUNUBÁ,CUNDINAMARCA,Alto,0.3797,0.7601,0.0,0.1003,0.0,0.5124,0
52786,TAMINANGO,NARIÑO,Medio,0.3796,0.1898,0.0,0.4811,0.0,0.6371,0
19517,PÁEZ,CAUCA,Alto,0.3783,0.3858,0.0,0.3579,0.0,0.7676,0
25317,GUACHETÁ,CUNDINAMARCA,Alto,0.3773,0.7014,0.0,0.3423,0.0,0.5022,0
76670,SAN PEDRO,VALLE DEL CAUCA,Bajo,0.3763,0.0,0.0,0.4641,0.0,0.4176,0
68020,ALBANIA,SANTANDER,Medio,0.371,0.4418,0.2658,0.0,0.0,0.0,0
13780,TALAIGUA NUEVO,BOLÍVAR,Bajo,0.3702,0.0,0.0,0.6663,0.0,0.0,0
73268,ESPINAL,TOLIMA,Alto,0.3699,0.7132,0.0,0.5216,0.0,0.0,0
52240,CHACHAGÜÍ,NARIÑO,Bajo,0.3693,0.0,0.0,0.6627,0.0,0.0,0
13074,BARRANCO DE LOBA,BOLÍVAR,Alto,0.3693,0.714,0.0,0.5152,0.0,0.0,0
47660,SABANAS DE SAN ÁNGEL,MAGDALENA,Bajo,0.369,0.0,0.0,0.6647,0.0,0.0,0
85250,PAZ DE ARIPORO,CASANARE,Alto,0.3684,0.5015,0.0,0.5813,0.0,0.4932,0
73055,ARMERO,TOLIMA,Alto,0.3672,0.4863,0.0,0.6078,0.0,0.4129,0
68689,SAN VICENTE DE CHUCURÍ,SANTANDER,Alto,0.3637,0.6879,0.0,0.3941,0.0,0.4185,0
20550,PELAYA,CESAR,Alto,0.3637,0.4998,0.0,0.6013,0.0,0.3871,0
19130,CAJIBÍO,CAUCA,Alto,0.3633,0.4422,0.0,0.5641,0.0,0.4689,0
25572,PUERTO SALGAR,CUNDINAMARCA,Bajo,0.3614,0.1171,0.0,0.2868,0.0,0.6077,0
20032,ASTREA,CESAR,Bajo,0.3587,0.2149,0.0,0.6173,0.0,0.0,0
85430,TRINIDAD,CASANARE,Bajo,0.3578,0.045,0.0,0.2865,0.0,0.5743,0
20011,AGUACHICA,CESAR,Medio,0.3528,0.4678,0.0,0.6658,0.0,0.0,0
15215,CORRALES,BOYACÁ,Alto,0.3497,0.7727,0.0,0.2508,0.0,0.0,0
70235,GALERAS,SUCRE,Bajo,0.3494,0.0,0.0,0.4223,0.0,0.4707,0
17513,PÁCORA,CALDAS,Bajo,0.3469,0.1856,0.0,0.4462,0.0,0.4213,0
41016,AIPE,HUILA,Alto,0.3463,0.4863,0.0,0.5019,0.0,0.4782,0
5615,RIONEGRO,ANTIOQUIA,Medio,0.3447,0.5136,0.0,0.0,0.14,0.2676,0
5604,REMEDIOS,ANTIOQUIA,Alto,0.3444,0.8676,0.0,0.0,0.0,0.25,0
13248,EL GUAMO,BOLÍVAR,Bajo,0.3435,0.0,0.0,0.3976,0.0,0.5159,0
13006,ACHÍ,BOLÍVAR,Bajo,0.3433,0.1572,0.0,0.5816,0.0,0.0,0
47745,SITIONUEVO,MAGDALENA,Bajo,0.3424,0.0,0.0,0.6132,0.0,0.0,0
73168,CHAPARRAL,TOLIMA,Alto,0.339,0.6485,0.0,0.4668,0.0,0.25,0
70204,COLOSÓ,SUCRE,Medio,0.3387,0.2719,0.0,0.4266,0.0,0.4871,0
68575,PUERTO WILCHES,SANTANDER,Alto,0.3355,0.5312,0.0,0.6213,0.0,0.0,0
52560,POTOSÍ,NARIÑO,Medio,0.3343,0.434,0.2353,0.0,0.0,0.0,0
13673,SANTA CATALINA,BOLÍVAR,Alto,0.3338,0.4679,0.0,0.5086,0.0,0.3857,0
17380,LA DORADA,CALDAS,Alto,0.3322,0.6726,0.0,0.5043,0.0,0.0,0
54553,PUERTO SANTANDER,NORTE DE SANTANDER,Bajo,0.3319,0.0,0.0,0.6072,0.0,0.0,0
13468,SANTA CRUZ DE MOMPOX,BOLÍVAR,Bajo,0.3319,0.0,0.0,0.6083,0.0,0.0,0
19573,PUERTO TEJADA,CAUCA,Alto,0.3318,0.6091,0.0,0.6046,0.0,0.0,0
15516,PAIPA,BOYACÁ,Alto,0.3318,0.8185,0.0,0.0,0.0,0.5755,0
13810,TIQUISIO,BOLÍVAR,Alto,0.3316,0.6056,0.0,0.6076,0.0,0.0,0
73675,SAN ANTONIO,TOLIMA,Bajo,0.3306,0.0,0.0,0.4074,0.0,0.1145,0
81591,PUERTO RONDÓN,ARAUCA,Bajo,0.3306,0.0,0.0,0.294,0.0,0.6191,0
41668,SAN AGUSTÍN,HUILA,Medio,0.327,0.4081,0.0,0.0,0.08,0.7065,0
85125,HATO COROZAL,CASANARE,Alto,0.327,0.5745,0.0,0.4714,0.0,0.3995,0
27077,BAJO BAUDÓ,CHOCÓ,Bajo,0.3255,0.0063,0.0,0.0,0.0,0.8094,0
68255,EL PLAYÓN,SANTANDER,Bajo,0.3253,0.0,0.0,0.3521,0.0,0.5075,0
25320,GUADUAS,CUNDINAMARCA,Alto,0.3242,0.5489,0.0,0.4068,0.0,0.5088,0
19142,CALOTO,CAUCA,Alto,0.3194,0.6357,0.0,0.2292,0.0,0.6431,0
41872,VILLAVIEJA,HUILA,Medio,0.3193,0.2342,0.0,0.2863,0.0,0.6694,0
5040,ANORÍ,ANTIOQUIA,Alto,0.3184,0.6681,0.0,0.0,0.0,0.8014,0
50001,VILLAVICENCIO,META,Alto,0.3183,0.8078,0.0,0.0,0.0,0.4976,0
13222,CLEMENCIA,BOLÍVAR,Bajo,0.3178,0.1856,0.0,0.4163,0.0,0.2425,0
20238,EL COPEY,CESAR,Alto,0.3176,0.6338,0.0,0.4136,0.0,0.3162,0
13670,SAN PABLO,BOLÍVAR,Bajo,0.3168,0.1729,0.0,0.4047,0.0,0.25,0
13001,CARTAGENA DE INDIAS,BOLÍVAR,Alto,0.3153,0.6414,0.0,0.5318,0.0,0.0,0
15047,AQUITANIA,BOYACÁ,Bajo,0.3141,0.2351,0.0,0.0,0.133,0.0,0
47980,ZONA BANANERA,MAGDALENA,Medio,0.3128,0.4636,0.0,0.6095,0.0,0.0,0
15810,TIPACOQUE,BOYACÁ,Bajo,0.3126,0.0,0.0,0.5613,0.0,0.0,0
44098,DISTRACCIÓN,LA GUAJIRA,Bajo,0.3071,0.2539,0.0,0.5569,0.0,0.0,0
76890,YOTOCO,VALLE DEL CAUCA,Alto,0.3051,0.6282,0.0,0.1735,0.0,0.5415,0
13580,REGIDOR,BOLÍVAR,Bajo,0.3043,0.0715,0.0,0.4275,0.0,0.0,0
70523,PALMITO,SUCRE,Bajo,0.3032,0.0,0.0,0.351,0.0,0.25,0
52233,CUMBITARA,NARIÑO,Medio,0.3031,0.4325,0.0,0.4707,0.0,0.25,0
44279,FONSECA,LA GUAJIRA,Bajo,0.3017,0.0,0.0,0.3366,0.0,0.25,0
76248,EL CERRITO,VALLE DEL CAUCA,Medio,0.3006,0.3686,0.0,0.523,0.0,0.0,0
13458,MONTECRISTO,BOLÍVAR,Alto,0.3006,0.7085,0.0,0.3454,0.0,0.0,0
44874,VILLANUEVA,LA GUAJIRA,Bajo,0.2943,0.1048,0.0,0.4156,0.0,0.0,0
13052,ARJONA,BOLÍVAR,Bajo,0.2939,0.1436,0.0,0.4583,0.0,0.0,0
52612,RICAURTE,NARIÑO,Bajo,0.2938,0.0,0.0,0.0,0.0,0.8135,0
68655,SABANA DE TORRES,SANTANDER,Alto,0.2905,0.6072,0.0,0.355,0.0,0.3701,0
13744,SIMITÍ,BOLÍVAR,Medio,0.2892,0.4565,0.0,0.4382,0.0,0.25,0
5031,AMALFI,ANTIOQUIA,Alto,0.2874,0.7805,0.0,0.0,0.0,0.6287,0
47030,ALGARROBO,MAGDALENA,Medio,0.2874,0.4436,0.0,0.5244,0.0,0.0,0
19137,CALDONO,CAUCA,Medio,0.2834,0.3406,0.0,0.3892,0.0,0.3004,0
13160,CANTAGALLO,BOLÍVAR,Bajo,0.282,0.0,0.0,0.2868,0.0,0.25,0
70820,SANTIAGO DE TOLÚ,SUCRE,Bajo,0.2813,0.0,0.0,0.1439,0.0,0.5109,0
25407,LENGUAZAQUE,CUNDINAMARCA,Alto,0.2805,0.8578,0.0,0.0,0.0,0.0,0
54398,LA PLAYA,NORTE DE SANTANDER,Bajo,0.28,0.0,0.0,0.2237,0.0,0.4449,0
25754,SOACHA,CUNDINAMARCA,Alto,0.2799,0.7971,0.0,0.0,0.0,0.3767,0
20060,BOSCONIA,CESAR,Alto,0.2797,0.6318,0.0,0.4528,0.0,0.0,0
15533,PAYA,BOYACÁ,Bajo,0.2788,0.1856,0.0,0.4759,0.0,0.0,0
13894,ZAMBRANO,BOLÍVAR,Bajo,0.2772,0.0,0.0,0.2676,0.0,0.25,0
54800,TEORAMA,NORTE DE SANTANDER,Bajo,0.2766,0.0,0.0,0.2662,0.0,0.25,0
73770,SUÁREZ,TOLIMA,Alto,0.2765,0.5923,0.0,0.3018,0.0,0.2269,0
47318,GUAMAL,MAGDALENA,Bajo,0.2761,0.0,0.0,0.4771,0.0,0.0,0
15097,BOAVITA,BOYACÁ,Medio,0.2754,0.4446,0.0,0.4989,0.0,0.0,0
47053,ARACATACA,MAGDALENA,Bajo,0.2754,0.2999,0.0,0.3511,0.0,0.25,0
15757,SOCHA,BOYACÁ,Alto,0.2752,0.7463,0.0,0.0,0.0,0.6692,0
15820,TÓPAGA,BOYACÁ,Alto,0.2747,0.8534,0.0,0.0,0.0,0.0,0
68235,EL CARMEN DE CHUCURÍ,SANTANDER,Medio,0.2739,0.4553,0.0,0.0,0.0,0.836,0
15646,SAMACÁ,BOYACÁ,Alto,0.2721,0.6859,0.0,0.2957,0.0,0.0,0
73152,CASABIANCA,TOLIMA,Bajo,0.2708,0.0657,0.0,0.3072,0.0,0.0,0
70233,EL ROBLE,SUCRE,Bajo,0.2704,0.0,0.0,0.1767,0.0,0.3066,0
23182,CHINÚ,CÓRDOBA,Bajo,0.2693,0.1105,0.0,0.3021,0.0,0.0,0
76233,DAGUA,VALLE DEL CAUCA,Bajo,0.2691,0.1802,0.0,0.0,0.0,0.7806,0
68101,BOLÍVAR,SANTANDER,Medio,0.2684,0.3729,0.0,0.4643,0.0,0.0,0
5686,SANTA ROSA DE OSOS,ANTIOQUIA,Alto,0.2683,0.8442,0.0,0.0,0.0,0.0,0
13873,VILLANUEVA,BOLÍVAR,Bajo,0.2664,0.0,0.0,0.4558,0.0,0.0,0
19532,PATÍA,CAUCA,Medio,0.2657,0.5353,0.0,0.3675,0.0,0.25,0
85010,AGUAZUL,CASANARE,Medio,0.2647,0.7069,0.0,0.2226,0.0,0.0,0
68406,LEBRIJA,SANTANDER,Bajo,0.2641,0.4401,0.0,0.1593,0.0,0.1869,0
20383,LA GLORIA,CESAR,Medio,0.2638,0.4814,0.0,0.4841,0.0,0.0,0
23079,BUENAVISTA,CÓRDOBA,Bajo,0.2628,0.0149,0.0,0.3474,0.0,0.0,0
63690,SALENTO,QUINDÍO,Bajo,0.2623,0.0405,0.0,0.0,0.0,0.7332,0
73217,COYAIMA,TOLIMA,Medio,0.258,0.5947,0.0,0.4437,0.0,0.0,0
41298,GARZÓN,HUILA,Medio,0.2569,0.4395,0.0,0.238,0.0,0.4942,0
73616,RIOBLANCO,TOLIMA,Bajo,0.2561,0.0,0.0,0.1126,0.0,0.4499,0
19212,CORINTO,CAUCA,Medio,0.2556,0.5863,0.0,0.2891,0.0,0.25,0
13062,ARROYOHONDO,BOLÍVAR,Medio,0.2554,0.3809,0.0,0.4392,0.0,0.0,0
19824,TOTORÓ,CAUCA,Bajo,0.2533,0.277,0.0,0.1865,0.0,0.4295,0
13650,SAN FERNANDO,BOLÍVAR,Bajo,0.2523,0.0,0.0,0.4257,0.0,0.0,0
47189,CIÉNAGA,MAGDALENA,Alto,0.2522,0.6345,0.0,0.2329,0.0,0.25,0
73319,GUAMO,TOLIMA,Alto,0.252,0.6336,0.0,0.3738,0.0,0.0,0
73148,CARMEN DE APICALÁ,TOLIMA,Medio,0.2508,0.5651,0.0,0.4462,0.0,0.0,0
76147,CARTAGO,VALLE DEL CAUCA,Medio,0.2499,0.608,0.0,0.2178,0.0,0.2876,0
73067,ATACO,TOLIMA,Medio,0.2486,0.5313,0.0,0.3015,0.0,0.25,0
47058,ARIGUANÍ,MAGDALENA,Bajo,0.2453,0.1732,0.0,0.3406,0.0,0.0,0
41132,CAMPOALEGRE,HUILA,Medio,0.2391,0.6,0.0,0.3616,0.0,0.0,0
41524,PALERMO,HUILA,Alto,0.2382,0.782,0.0,0.0,0.0,0.3535,0
44560,MANAURE,LA GUAJIRA,Bajo,0.2378,0.0482,0.0,0.0,0.0,0.712,0
47288,FUNDACIÓN,MAGDALENA,Medio,0.2376,0.4204,0.0,0.2595,0.0,0.25,0
73624,ROVIRA,TOLIMA,Medio,0.2374,0.4986,0.0,0.2569,0.0,0.3717,0
5086,BELMIRA,ANTIOQUIA,Alto,0.2344,0.691,0.0,0.0,0.0,0.6814,0
47460,NUEVA GRANADA,MAGDALENA,Bajo,0.2342,0.0,0.0,0.395,0.0,0.0,0
13188,CICUCO,BOLÍVAR,Bajo,0.2342,0.0,0.0,0.3948,0.0,0.0,0
73226,CUNDAY,TOLIMA,Bajo,0.2342,0.0,0.0,0.3949,0.0,0.0,0
73270,FALAN,TOLIMA,Medio,0.2328,0.4915,0.0,0.4046,0.0,0.0,0
25200,COGUA,CUNDINAMARCA,Alto,0.2324,0.7412,0.0,0.0,0.0,0.5267,0
17486,NEIRA,CALDAS,Medio,0.2323,0.6865,0.0,0.1069,0.0,0.0,0
54109,BUCARASICA,NORTE DE SANTANDER,Bajo,0.2319,0.2088,0.0,0.3506,0.0,0.0,0
54680,SANTIAGO,NORTE DE SANTANDER,Medio,0.2309,0.5987,0.0,0.3105,0.0,0.0,0
25123,CACHIPAY,CUNDINAMARCA,Bajo,0.2302,0.0,0.0,0.3852,0.0,0.0,0
20770,SAN MARTÍN,CESAR,Medio,0.2293,0.6153,0.0,0.2952,0.0,0.0,0
50223,CUBARRAL,META,Bajo,0.2271,0.2932,0.0,0.0,0.0,0.7837,0
27495,NUQUÍ,CHOCÓ,Bajo,0.227,0.0571,0.0,0.0,0.0,0.7038,0
47703,SAN ZENÓN,MAGDALENA,Bajo,0.2266,0.0,0.0,0.3765,0.0,0.0,0
68264,ENCINO,SANTANDER,Bajo,0.2258,0.1934,0.0,0.0,0.0,0.7549,0
47960,ZAPAYÁN,MAGDALENA,Bajo,0.2254,0.0,0.0,0.3715,0.0,0.0,0
73483,NATAGAIMA,TOLIMA,Bajo,0.2249,0.2342,0.0,0.0941,0.0,0.3368,0
5264,ENTRERRÍOS,ANTIOQUIA,Medio,0.2239,0.8074,0.0,0.0,0.0,0.0,0
13030,ALTOS DEL ROSARIO,BOLÍVAR,Medio,0.2233,0.531,0.0,0.368,0.0,0.0,0
20750,SAN DIEGO,CESAR,Medio,0.2228,0.5311,0.0,0.2434,0.0,0.25,0
13300,HATILLO DE LOBA,BOLÍVAR,Medio,0.2224,0.5035,0.0,0.1502,0.0,0.379,0
15798,TENZA,BOYACÁ,Bajo,0.2217,0.2961,0.0,0.0,0.09,0.0,0
70771,SUCRE,SUCRE,Bajo,0.2209,0.4254,0.0,0.3113,0.0,0.0,0
25793,TAUSA,CUNDINAMARCA,Alto,0.2197,0.6741,0.0,0.0,0.0,0.6792,0
52687,SAN LORENZO,NARIÑO,Bajo,0.2193,0.0,0.0,0.35,0.0,0.0,0
70742,SAN LUIS DE SINCÉ,SUCRE,Bajo,0.2193,0.0,0.0,0.3449,0.0,0.0,0
68745,SIMACOTA,SANTANDER,Bajo,0.2191,0.0,0.0,0.3455,0.0,0.0,0
13683,SANTA ROSA,BOLÍVAR,Medio,0.2191,0.4277,0.0,0.3522,0.0,0.0,0
15276,FLORESTA,BOYACÁ,Bajo,0.217,0.0858,0.0,0.1198,0.0,0.0,0
68418,LOS SANTOS,SANTANDER,Medio,0.2166,0.625,0.0,0.1782,0.0,0.0,0
68464,MOGOTES,SANTANDER,Medio,0.2166,0.4562,0.0,0.3495,0.0,0.0,0
19743,SILVIA,CAUCA,Bajo,0.2164,0.0,0.0,0.262,0.0,0.0,0
73585,PURIFICACIÓN,TOLIMA,Bajo,0.2163,0.1548,0.0,0.2006,0.0,0.0,0
70429,MAJAGUAL,SUCRE,Bajo,0.2152,0.0,0.0,0.2649,0.0,0.0,0
52320,GUAITARILLA,NARIÑO,Bajo,0.2148,0.0,0.0,0.3016,0.0,0.0,0
47720,SANTA BÁRBARA DE PINTO,MAGDALENA,Bajo,0.2148,0.0,0.0,0.2639,0.0,0.0,0
70823,SAN JOSÉ DE TOLUVIEJO,SUCRE,Alto,0.2147,0.6684,0.0,0.0,0.0,0.6786,0
13442,MARÍA LA BAJA,BOLÍVAR,Medio,0.2146,0.4902,0.0,0.0,0.0,0.7786,0
47161,CERRO DE SAN ANTONIO,MAGDALENA,Bajo,0.2141,0.0,0.0,0.2735,0.0,0.0,0
70110,BUENAVISTA,SUCRE,Bajo,0.2137,0.0,0.0,0.2779,0.0,0.0,0
41006,ACEVEDO,HUILA,Bajo,0.2136,0.0,0.0,0.2803,0.0,0.0,0
81736,SARAVENA,ARAUCA,Medio,0.213,0.4774,0.0,0.0,0.0,0.783,0
47258,EL PIÑÓN,MAGDALENA,Bajo,0.2127,0.0,0.0,0.2497,0.0,0.0,0
47692,SAN SEBASTIÁN DE BUENAVISTA,MAGDALENA,Bajo,0.2111,0.0,0.0,0.3285,0.0,0.0,0
70001,SINCELEJO,SUCRE,Medio,0.2101,0.5197,0.0,0.3557,0.0,0.0,0
68500,OIBA,SANTANDER,Medio,0.2092,0.52,0.0,0.314,0.0,0.0,0
19513,PADILLA,CAUCA,Bajo,0.209,0.0,0.0,0.1641,0.0,0.0,0
47170,CHIVOLO,MAGDALENA,Bajo,0.209,0.0,0.0,0.1611,0.0,0.0,0
19100,BOLÍVAR,CAUCA,Medio,0.2073,0.4963,0.0,0.3504,0.0,0.0,0
54128,CÁCHIRA,NORTE DE SANTANDER,Bajo,0.207,0.0,0.0,0.1662,0.0,0.0,0
13836,TURBACO,BOLÍVAR,Alto,0.2068,0.7496,0.0,0.0,0.0,0.3273,0
23001,MONTERÍA,CÓRDOBA,Alto,0.2064,0.7448,0.0,0.0,0.0,0.4252,0
73873,VILLARRICA,TOLIMA,Bajo,0.2049,0.1577,0.0,0.0,0.0,0.7076,0
15790,TASCO,BOYACÁ,Medio,0.203,0.797,0.0,0.0,0.0,0.0,0
68132,CALIFORNIA,SANTANDER,Alto,0.2007,0.6954,0.0,0.0,0.0,0.5988,0
68547,PIEDECUESTA,SANTANDER,Medio,0.2005,0.5982,0.0,0.1449,0.0,0.0,0
76001,SANTIAGO DE CALI,VALLE DEL CAUCA,Alto,0.1988,0.7017,0.0,0.0,0.0,0.5722,0
41551,PITALITO,HUILA,Alto,0.1977,0.6629,0.0,0.0,0.0,0.6647,0
13440,MARGARITA,BOLÍVAR,Bajo,0.1976,0.3132,0.0,0.2385,0.0,0.0,0
5665,SAN PEDRO DE URABÁ,ANTIOQUIA,Bajo,0.1957,0.0,0.0,0.0,0.0,0.7227,0
41349,HOBO,HUILA,Bajo,0.1937,0.3698,0.0,0.1571,0.0,0.0,0
50686,SAN JUANITO,META,Bajo,0.1937,0.0,0.0,0.0,0.0,0.7203,0
5042,SANTA FÉ DE ANTIOQUIA,ANTIOQUIA,Medio,0.1936,0.5693,0.0,0.0,0.0,0.7133,0
25885,YACOPÍ,CUNDINAMARCA,Bajo,0.1914,0.0017,0.0,0.0,0.0,0.6921,0
17614,RIOSUCIO,CALDAS,Bajo,0.1907,0.4643,0.0,0.1687,0.0,0.0,0
23574,PUERTO ESCONDIDO,CÓRDOBA,Bajo,0.1898,0.2233,0.0,0.1782,0.0,0.0,0
18001,FLORENCIA,CAQUETÁ,Alto,0.1883,0.6307,0.0,0.0,0.0,0.681,0
86219,COLÓN,PUTUMAYO,Bajo,0.1882,0.072,0.068,0.0,0.0,0.0,0
68001,BUCARAMANGA,SANTANDER,Medio,0.183,0.5808,0.0,0.1076,0.0,0.0,0
73030,AMBALEMA,TOLIMA,Bajo,0.1818,0.507,0.0,0.1521,0.0,0.0,0
47605,REMOLINO,MAGDALENA,Bajo,0.1805,0.004,0.0,0.0,0.0,0.6523,0
68444,MATANZA,SANTANDER,Bajo,0.1803,0.3664,0.0,0.1101,0.0,0.0,0
27075,BAHÍA SOLANO,CHOCÓ,Bajo,0.1797,0.0,0.0,0.0,0.0,0.7078,0
25580,PULÍ,CUNDINAMARCA,Bajo,0.1772,0.1696,0.0,0.0,0.0,0.6714,0
52287,FUNES,NARIÑO,Bajo,0.1769,0.4296,0.1078,0.0,0.0,0.0,0
15001,TUNJA,BOYACÁ,Medio,0.1766,0.7862,0.0,0.0,0.0,0.0,0
8421,LURUACO,ATLÁNTICO,Alto,0.1756,0.6745,0.0,0.0,0.0,0.5306,0
5579,PUERTO BERRÍO,ANTIOQUIA,Alto,0.1753,0.662,0.0,0.0,0.0,0.6041,0
8758,SOLEDAD,ATLÁNTICO,Bajo,0.1741,0.0,0.0,0.0,0.0,0.6996,0
5736,SEGOVIA,ANTIOQUIA,Alto,0.1734,0.736,0.0,0.0,0.0,0.25,0
76606,RESTREPO,VALLE DEL CAUCA,Bajo,0.1705,0.3305,0.0,0.0,0.0,0.7267,0
68250,EL PEÑÓN,SANTANDER,Bajo,0.1704,0.0,0.0,0.0,0.0,0.6896,0
68092,BETULIA,SANTANDER,Alto,0.1694,0.7233,0.0,0.0,0.0,0.2962,0
41660,SALADOBLANCO,HUILA,Bajo,0.167,0.0191,0.0,0.0,0.0,0.5288,0
44420,LA JAGUA DEL PILAR,LA GUAJIRA,Bajo,0.167,0.1171,0.0,0.0761,0.0,0.0,0
73124,CAJAMARCA,TOLIMA,Bajo,0.1663,0.0867,0.0,0.0,0.0,0.5179,0
23168,CHIMÁ,CÓRDOBA,Bajo,0.1647,0.0,0.0,0.0,0.0,0.6805,0
25178,CHIPAQUE,CUNDINAMARCA,Bajo,0.164,0.4036,0.0,0.0,0.04,0.3046,0
50577,PUERTO LLERAS,META,Bajo,0.163,0.0,0.0,0.0,0.0,0.6782,0
76246,EL CAIRO,VALLE DEL CAUCA,Bajo,0.163,0.0,0.0,0.0,0.0,0.6786,0
68615,RIONEGRO,SANTANDER,Alto,0.1603,0.6835,0.0,0.0,0.0,0.4783,0
54820,TOLEDO,NORTE DE SANTANDER,Medio,0.16,0.5478,0.0,0.0,0.0,0.693,0
5697,EL SANTUARIO,ANTIOQUIA,Bajo,0.1598,0.1171,0.0,0.0,0.0,0.488,0
66682,SANTA ROSA DE CABAL,RISARALDA,Alto,0.1573,0.6205,0.0,0.0,0.0,0.642,0
66572,PUEBLO RICO,RISARALDA,Bajo,0.1564,0.2601,0.0,0.0,0.0,0.6824,0
76306,GINEBRA,VALLE DEL CAUCA,Medio,0.156,0.4399,0.0,0.0,0.0,0.7101,0
54223,CUCUTILLA,NORTE DE SANTANDER,Bajo,0.1559,0.0,0.0,0.0,0.0,0.667,0
5660,SAN LUIS,ANTIOQUIA,Alto,0.1549,0.6148,0.0,0.0,0.0,0.6434,0
5756,SONSÓN,ANTIOQUIA,Medio,0.1549,0.7678,0.0,0.0,0.0,0.0,0
76497,OBANDO,VALLE DEL CAUCA,Bajo,0.1527,0.0616,0.0,0.0,0.0,0.1958,0
85325,SAN LUIS DE PALENQUE,CASANARE,Bajo,0.1527,0.0,0.0,0.0,0.0,0.6602,0
25758,SOPÓ,CUNDINAMARCA,Bajo,0.1519,0.1171,0.0,0.0,0.0,0.4676,0
5284,FRONTINO,ANTIOQUIA,Medio,0.1515,0.5798,0.0,0.0,0.0,0.6598,0
17524,PALESTINA,CALDAS,Medio,0.1513,0.6762,0.0,0.0,0.0,0.163,0
85440,VILLANUEVA,CASANARE,Medio,0.1511,0.6811,0.0,0.0,0.0,0.1882,0
5364,JARDÍN,ANTIOQUIA,Bajo,0.1509,0.2053,0.0,0.0,0.0,0.6582,0
66318,GUÁTICA,RISARALDA,Bajo,0.1502,0.1334,0.0,0.0,0.0,0.4935,0
19585,PURACÉ,CAUCA,Bajo,0.15,0.0538,0.0,0.0,0.0,0.3832,0
5091,BETANIA,ANTIOQUIA,Bajo,0.1497,0.0,0.0,0.0,0.0,0.6592,0
15837,TUTA,BOYACÁ,Medio,0.1486,0.659,0.0,0.0,0.0,0.1297,0
23675,SAN BERNARDO DEL VIENTO,CÓRDOBA,Bajo,0.1472,0.0,0.0,0.0,0.0,0.651,0
41378,LA ARGENTINA,HUILA,Bajo,0.1468,0.0,0.0,0.0,0.0,0.6465,0
18592,PUERTO RICO,CAQUETÁ,Medio,0.1455,0.512,0.0,0.0,0.0,0.6907,0
17873,VILLAMARÍA,CALDAS,Alto,0.1451,0.6662,0.0,0.0,0.0,0.4626,0
66687,SANTUARIO,RISARALDA,Medio,0.1449,0.6812,0.0,0.0,0.0,0.3987,0
25645,SAN ANTONIO DEL TEQUENDAMA,CUNDINAMARCA,Bajo,0.1442,0.0561,0.0,0.0,0.0,0.3399,0
41013,AGRADO,HUILA,Bajo,0.144,0.0825,0.0,0.0,0.0,0.3853,0
25777,SUPATÁ,CUNDINAMARCA,Bajo,0.1439,0.0,0.0,0.0,0.0,0.6354,0
15051,ARCABUCO,BOYACÁ,Medio,0.1437,0.6299,0.0,0.0,0.0,0.5464,0
23162,CERETÉ,CÓRDOBA,Bajo,0.1434,0.0094,0.0,0.0,0.0,0.4567,0
17174,CHINCHINÁ,CALDAS,Medio,0.1428,0.6951,0.0,0.0,0.0,0.2948,0
25736,SESQUILÉ,CUNDINAMARCA,Bajo,0.1427,0.1171,0.0,0.0,0.0,0.1958,0
5543,PEQUE,ANTIOQUIA,Bajo,0.1422,0.0,0.0,0.0,0.0,0.6344,0
44110,EL MOLINO,LA GUAJIRA,Bajo,0.1417,0.1171,0.0,0.0,0.0,0.4417,0
27493,NUEVO BELÉN DE BAJIRÁ,CHOCÓ,Bajo,0.1412,0.281,0.0,0.0,0.0,0.6758,0
5649,SAN CARLOS,ANTIOQUIA,Medio,0.1411,0.5907,0.0,0.0,0.0,0.623,0
15466,MONGUÍ,BOYACÁ,Medio,0.1403,0.4488,0.0,0.0,0.0,0.6914,0
5321,GUATAPÉ,ANTIOQUIA,Bajo,0.1399,0.0,0.0,0.0,0.0,0.6289,0
5809,TITIRIBÍ,ANTIOQUIA,Medio,0.1395,0.6641,0.0,0.0,0.0,0.4537,0
25288,FÚQUENE,CUNDINAMARCA,Bajo,0.1392,0.0,0.0,0.0,0.0,0.6304,0
27245,EL CARMEN DE ATRATO,CHOCÓ,Bajo,0.1372,0.2351,0.0,0.0,0.0,0.6394,0
5483,NARIÑO,ANTIOQUIA,Medio,0.1365,0.4947,0.0,0.0,0.0,0.6785,0
41615,RIVERA,HUILA,Medio,0.1357,0.5529,0.0,0.0,0.0,0.6526,0
5055,ARGELIA,ANTIOQUIA,Medio,0.1357,0.5304,0.0,0.0,0.0,0.6613,0
76122,CAICEDONIA,VALLE DEL CAUCA,Medio,0.1354,0.6915,0.0,0.0,0.0,0.3041,0
5004,ABRIAQUÍ,ANTIOQUIA,Medio,0.1347,0.519,0.0,0.0,0.0,0.6708,0
52788,TANGUA,NARIÑO,Bajo,0.134,0.0,0.0,0.0,0.0,0.6147,0
15407,VILLA DE LEYVA,BOYACÁ,Medio,0.1338,0.6392,0.0,0.0,0.0,0.1321,0
15842,ÚMBITA,BOYACÁ,Medio,0.1325,0.5847,0.0,0.0,0.0,0.5981,0
23580,PUERTO LIBERTADOR,CÓRDOBA,Medio,0.132,0.6934,0.0,0.0,0.0,0.25,0
27450,MEDIO SAN JUAN,CHOCÓ,Medio,0.1319,0.6919,0.0,0.0,0.0,0.25,0
54405,LOS PATIOS,NORTE DE SANTANDER,Medio,0.1317,0.7511,0.0,0.0,0.0,0.0,0
13490,NOROSÍ,BOLÍVAR,Medio,0.1317,0.7514,0.0,0.0,0.0,0.0,0
52480,NARIÑO,NARIÑO,Bajo,0.1317,0.1371,0.0,0.0,0.0,0.1886,0
54480,MUTISCUA,NORTE DE SANTANDER,Bajo,0.1305,0.2189,0.0,0.0,0.0,0.5847,0
76377,LA CUMBRE,VALLE DEL CAUCA,Bajo,0.1305,0.0036,0.0,0.0,0.0,0.4603,0
25335,GUAYABETAL,CUNDINAMARCA,Bajo,0.1299,0.2071,0.0,0.0,0.0,0.5107,0
66456,MISTRATÓ,RISARALDA,Medio,0.1273,0.5018,0.0,0.0,0.0,0.6608,0
15814,TOCA,BOYACÁ,Bajo,0.1273,0.2281,0.0,0.0,0.0,0.6208,0
25326,GUATAVITA,CUNDINAMARCA,Medio,0.127,0.5629,0.0,0.0,0.0,0.6108,0
52256,EL ROSARIO,NARIÑO,Bajo,0.1266,0.0,0.0,0.0,0.0,0.5742,0
5310,GÓMEZ PLATA,ANTIOQUIA,Medio,0.1252,0.6655,0.0,0.0,0.0,0.3599,0
15135,CAMPOHERMOSO,BOYACÁ,Bajo,0.1247,0.0,0.0,0.0,0.0,0.5621,0
68705,SANTA BÁRBARA,SANTANDER,Bajo,0.1247,0.0,0.0,0.0,0.0,0.5622,0
5847,URRAO,ANTIOQUIA,Bajo,0.1246,0.3168,0.0,0.0,0.0,0.6591,0
85136,LA SALINA,CASANARE,Bajo,0.1244,0.1171,0.0,0.0,0.0,0.2266,0
15204,CÓMBITA,BOYACÁ,Medio,0.1243,0.6006,0.0,0.0,0.0,0.1145,0
54660,SALAZAR,NORTE DE SANTANDER,Medio,0.124,0.5517,0.0,0.0,0.0,0.6301,0
25312,GRANADA,CUNDINAMARCA,Bajo,0.1238,0.0,0.0,0.0,0.0,0.559,0
41530,PALESTINA,HUILA,Bajo,0.1238,0.0,0.0,0.0,0.0,0.5682,0
18029,ALBANIA,CAQUETÁ,Medio,0.1235,0.5296,0.0,0.0,0.0,0.6495,0
19780,SUÁREZ,CAUCA,Medio,0.1233,0.5894,0.0,0.0,0.0,0.5217,0
50606,RESTREPO,META,Medio,0.1233,0.6472,0.0,0.0,0.0,0.0635,0
5150,CAROLINA,ANTIOQUIA,Bajo,0.1232,0.1131,0.0,0.0,0.0,0.2998,0
63111,BUENAVISTA,QUINDÍO,Bajo,0.123,0.0386,0.0,0.0,0.0,0.2522,0
5206,CONCEPCIÓN,ANTIOQUIA,Bajo,0.1223,0.1746,0.0,0.0,0.0,0.4525,0
5361,ITUANGO,ANTIOQUIA,Bajo,0.1221,0.2846,0.0,0.0,0.0,0.6257,0
63272,FILANDIA,QUINDÍO,Bajo,0.1216,0.2305,0.0,0.0,0.0,0.5846,0
5400,LA UNIÓN,ANTIOQUIA,Medio,0.1215,0.4974,0.0,0.0,0.0,0.6593,0
15325,GUAYATÁ,BOYACÁ,Medio,0.1215,0.578,0.0,0.0,0.0,0.582,0
25488,NILO,CUNDINAMARCA,Medio,0.1214,0.6822,0.0,0.0,0.0,0.2913,0
25035,ANAPOIMA,CUNDINAMARCA,Bajo,0.1211,0.178,0.0,0.0,0.0,0.1589,0
41801,TERUEL,HUILA,Medio,0.1205,0.5337,0.0,0.0,0.0,0.6395,0
5313,GRANADA,ANTIOQUIA,Bajo,0.1204,0.1171,0.0,0.0,0.0,0.2361,0
68377,LA BELLEZA,SANTANDER,Bajo,0.12,0.2966,0.0,0.0,0.0,0.6469,0
8606,REPELÓN,ATLÁNTICO,Medio,0.119,0.6336,0.0,0.0,0.0,0.4688,0
54377,LABATECA,NORTE DE SANTANDER,Medio,0.1189,0.5969,0.0,0.0,0.0,0.1515,0
5347,HELICONIA,ANTIOQUIA,Bajo,0.1189,0.3647,0.0,0.0,0.0,0.6547,0
66045,APÍA,RISARALDA,Medio,0.1186,0.6467,0.0,0.0,0.0,0.3716,0
25486,NEMOCÓN,CUNDINAMARCA,Medio,0.1184,0.6136,0.0,0.0,0.0,0.1692,0
15172,CHINAVITA,BOYACÁ,Medio,0.1183,0.3712,0.0,0.0,0.0,0.6476,0
50245,EL CALVARIO,META,Bajo,0.1182,0.0,0.0,0.0,0.0,0.5432,0
15550,PISBA,BOYACÁ,Bajo,0.1182,0.0,0.0,0.0,0.0,0.541,0
5120,CÁCERES,ANTIOQUIA,Medio,0.1177,0.6775,0.0,0.0,0.0,0.25,0
73520,PALOCABILDO,TOLIMA,Bajo,0.1177,0.0051,0.0,0.0,0.0,0.2021,0
25040,ANOLAIMA,CUNDINAMARCA,Bajo,0.1175,0.0,0.0,0.0,0.0,0.1078,0
17050,ARANZAZU,CALDAS,Medio,0.1175,0.3739,0.0,0.0,0.0,0.6464,0
15087,BELÉN,BOYACÁ,Bajo,0.1168,0.3468,0.0,0.0,0.0,0.6566,0
15690,SANTA MARÍA,BOYACÁ,Medio,0.1159,0.4276,0.0,0.0,0.0,0.6313,0
17867,VICTORIA,CALDAS,Medio,0.1158,0.6287,0.0,0.0,0.0,0.4584,0
15272,FIRAVITOBA,BOYACÁ,Medio,0.1157,0.629,0.0,0.0,0.0,0.0611,0
5034,ANDES,ANTIOQUIA,Medio,0.1155,0.6208,0.0,0.0,0.0,0.0836,0
15455,MIRAFLORES,BOYACÁ,Medio,0.1151,0.5803,0.0,0.0,0.0,0.4893,0
27810,UNIÓN PANAMERICANA,CHOCÓ,Medio,0.115,0.74,0.0,0.0,0.0,0.0,0
15507,OTANCHE,BOYACÁ,Medio,0.1147,0.4072,0.0,0.0,0.0,0.6379,0
52323,GUALMATÁN,NARIÑO,Bajo,0.1147,0.0,0.0,0.0,0.0,0.5141,0
27099,BOJAYÁ,CHOCÓ,Bajo,0.1146,0.0369,0.0,0.0,0.0,0.25,0
63302,GÉNOVA,QUINDÍO,Bajo,0.1143,0.3434,0.0,0.0,0.0,0.6483,0
5368,JERICÓ,ANTIOQUIA,Bajo,0.1143,0.0,0.0,0.0,0.0,0.5332,0
5790,TARAZÁ,ANTIOQUIA,Medio,0.1139,0.6695,0.0,0.0,0.0,0.25,0
52621,ROBERTO PAYÁN,NARIÑO,Medio,0.1138,0.4291,0.0,0.0,0.0,0.6259,0
52694,SAN PEDRO DE CARTAGO,NARIÑO,Bajo,0.1137,0.0,0.0,0.0,0.0,0.5145,0
85230,OROCUÉ,CASANARE,Medio,0.1136,0.4518,0.0,0.0,0.0,0.6471,0
76020,ALCALÁ,VALLE DEL CAUCA,Bajo,0.1136,0.0,0.0,0.0,0.0,0.0962,0
41503,OPORAPA,HUILA,Bajo,0.1136,0.0,0.0,0.0,0.0,0.0976,0
5079,BARBOSA,ANTIOQUIA,Medio,0.1118,0.7338,0.0,0.0,0.0,0.0,0
76869,VIJES,VALLE DEL CAUCA,Medio,0.1118,0.5705,0.0,0.0,0.0,0.1156,0
5353,HISPANIA,ANTIOQUIA,Bajo,0.1117,0.0,0.0,0.0,0.0,0.5126,0
25878,VIOTÁ,CUNDINAMARCA,Bajo,0.1115,0.0,0.0,0.0,0.0,0.1485,0
66170,DOSQUEBRADAS,RISARALDA,Bajo,0.111,0.0,0.0,0.0,0.0,0.5075,0
76126,CALIMA,VALLE DEL CAUCA,Bajo,0.1108,0.3711,0.0,0.0,0.0,0.6288,0
5607,RETIRO,ANTIOQUIA,Medio,0.1106,0.3846,0.0,0.0,0.0,0.6233,0
5125,CAICEDO,ANTIOQUIA,Bajo,0.1095,0.3014,0.0,0.0,0.0,0.5972,0
63548,PIJAO,QUINDÍO,Medio,0.1088,0.5184,0.0,0.0,0.0,0.6325,0
15580,QUÍPAMA,BOYACÁ,Medio,0.1088,0.7285,0.0,0.0,0.0,0.0,0
15600,RÁQUIRA,BOYACÁ,Medio,0.1086,0.5802,0.0,0.0,0.0,0.1649,0
15696,SANTA SOFÍA,BOYACÁ,Bajo,0.1085,0.0,0.0,0.0,0.0,0.4898,0
76111,GUADALAJARA DE BUGA,VALLE DEL CAUCA,Medio,0.1078,0.5468,0.0,0.0,0.0,0.5816,0
66440,MARSELLA,RISARALDA,Bajo,0.1075,0.2405,0.0,0.0,0.0,0.4488,0
70221,COVEÑAS,SUCRE,Bajo,0.1073,0.0,0.0,0.0,0.0,0.4799,0
25299,GAMA,CUNDINAMARCA,Bajo,0.1071,0.0,0.0,0.0,0.0,0.4784,0
5212,COPACABANA,ANTIOQUIA,Medio,0.1068,0.551,0.0,0.0,0.0,0.5649,0
23815,TUCHÍN,CÓRDOBA,Bajo,0.1068,0.0,0.0,0.0,0.0,0.171,0
25181,CHOACHÍ,CUNDINAMARCA,Medio,0.1066,0.4035,0.0,0.0,0.0,0.6052,0
52207,CONSACÁ,NARIÑO,Bajo,0.106,0.3027,0.0,0.0,0.0,0.5764,0
25817,TOCANCIPÁ,CUNDINAMARCA,Medio,0.1056,0.6075,0.0,0.0,0.0,0.2013,0
23555,PLANETA RICA,CÓRDOBA,Medio,0.1055,0.5048,0.0,0.0,0.0,0.6118,0
63470,MONTENEGRO,QUINDÍO,Bajo,0.1054,0.2044,0.0,0.0,0.0,0.1934,0
25805,TIBACUY,CUNDINAMARCA,Bajo,0.1049,0.3238,0.0,0.0,0.0,0.4838,0
54347,HERRÁN,NORTE DE SANTANDER,Medio,0.1049,0.5256,0.0,0.0,0.0,0.5928,0
15494,NUEVO COLÓN,BOYACÁ,Bajo,0.1048,0.1901,0.0,0.0,0.0,0.4176,0
5197,COCORNÁ,ANTIOQUIA,Bajo,0.1046,0.317,0.0,0.0,0.0,0.5485,0
50680,SAN CARLOS DE GUAROA,META,Medio,0.1043,0.6144,0.0,0.0,0.0,0.3852,0
5642,SALGAR,ANTIOQUIA,Bajo,0.1043,0.3184,0.0,0.0,0.0,0.5813,0
25841,UBAQUE,CUNDINAMARCA,Bajo,0.1042,0.2541,0.0,0.0,0.0,0.1889,0
5890,YOLOMBÓ,ANTIOQUIA,Medio,0.1039,0.7198,0.0,0.0,0.0,0.0,0
54313,GRAMALOTE,NORTE DE SANTANDER,Bajo,0.1037,0.0,0.0,0.0,0.0,0.4709,0
19698,SANTANDER DE QUILICHAO,CAUCA,Medio,0.1034,0.541,0.0,0.0,0.0,0.5841,0
25718,SASAIMA,CUNDINAMARCA,Bajo,0.1033,0.1481,0.0,0.0,0.0,0.2282,0
85162,MONTERREY,CASANARE,Medio,0.1033,0.5577,0.0,0.0,0.0,0.1439,0
25099,BOJACÁ,CUNDINAMARCA,Medio,0.1027,0.4212,0.0,0.0,0.0,0.5929,0
5038,ANGOSTURA,ANTIOQUIA,Bajo,0.1024,0.1529,0.0,0.0,0.0,0.2216,0
15293,GACHANTIVÁ,BOYACÁ,Medio,0.1018,0.5704,0.0,0.0,0.0,0.4732,0
70670,SAMPUÉS,SUCRE,Bajo,0.1017,0.1856,0.0,0.0,0.0,0.0763,0
25658,SAN FRANCISCO,CUNDINAMARCA,Bajo,0.1013,0.302,0.0,0.0,0.0,0.4936,0
15232,CHÍQUIZA,BOYACÁ,Medio,0.1008,0.5385,0.0,0.0,0.0,0.5651,0
76845,ULLOA,VALLE DEL CAUCA,Bajo,0.1005,0.0,0.0,0.0,0.0,0.1851,0
41548,PITAL,HUILA,Bajo,0.0999,0.0,0.0,0.0,0.0,0.0681,0
73043,ANZOÁTEGUI,TOLIMA,Bajo,0.0999,0.227,0.0,0.0,0.0,0.4392,0
8549,PIOJÓ,ATLÁNTICO,Bajo,0.0998,0.0,0.0,0.0,0.0,0.43,0
8849,USIACURÍ,ATLÁNTICO,Bajo,0.0998,0.0,0.0,0.0,0.0,0.4303,0
25322,GUASCA,CUNDINAMARCA,Medio,0.0996,0.4095,0.0,0.0,0.0,0.5515,0
5425,MACEO,ANTIOQUIA,Medio,0.0995,0.5265,0.0,0.0,0.0,0.5762,0
76250,EL DOVIO,VALLE DEL CAUCA,Bajo,0.0994,0.16,0.0,0.0,0.0,0.301,0
20710,SAN ALBERTO,CESAR,Medio,0.0994,0.5315,0.0,0.0,0.0,0.5083,0
76622,ROLDANILLO,VALLE DEL CAUCA,Medio,0.0992,0.483,0.0,0.0,0.0,0.6086,0
25019,ALBÁN,CUNDINAMARCA,Bajo,0.0991,0.0,0.0,0.0,0.0,0.4411,0
68207,CONCEPCIÓN,SANTANDER,Bajo,0.098,0.1918,0.0,0.0,0.0,0.3608,0
73449,MELGAR,TOLIMA,Medio,0.0978,0.716,0.0,0.0,0.0,0.0,0
68276,FLORIDABLANCA,SANTANDER,Medio,0.0976,0.4338,0.0,0.0,0.0,0.5763,0
76834,TULUÁ,VALLE DEL CAUCA,Medio,0.0975,0.5455,0.0,0.0,0.0,0.4937,0
54520,PAMPLONITA,NORTE DE SANTANDER,Medio,0.0973,0.7174,0.0,0.0,0.0,0.0,0
85279,RECETOR,CASANARE,Medio,0.0972,0.4539,0.0,0.0,0.0,0.5199,0
25799,TENJO,CUNDINAMARCA,Bajo,0.0968,0.0,0.0,0.0,0.0,0.4346,0
73349,HONDA,TOLIMA,Medio,0.0965,0.4415,0.0,0.0,0.0,0.5754,0
41885,YAGUARÁ,HUILA,Medio,0.0961,0.5522,0.0,0.0,0.0,0.1735,0
85400,TÁMARA,CASANARE,Bajo,0.096,0.0,0.0,0.0,0.0,0.3854,0
5647,SAN ANDRÉS DE CUERQUÍA,ANTIOQUIA,Bajo,0.0957,0.0,0.0,0.0,0.0,0.3922,0
15676,SAN MIGUEL DE SEMA,BOYACÁ,Bajo,0.0955,0.0,0.0,0.0,0.0,0.3836,0
5670,SAN ROQUE,ANTIOQUIA,Medio,0.0952,0.5205,0.0,0.0,0.0,0.546,0
23300,COTORRA,CÓRDOBA,Bajo,0.0947,0.0,0.0,0.0,0.0,0.3702,0
66383,LA CELIA,RISARALDA,Bajo,0.0946,0.0,0.0,0.0,0.0,0.4063,0
5001,MEDELLÍN,ANTIOQUIA,Medio,0.0944,0.6224,0.0,0.0,0.0,0.3178,0
25148,CAPARRAPÍ,CUNDINAMARCA,Bajo,0.094,0.5236,0.0,0.0,0.0,0.1361,0
13042,ARENAL,BOLÍVAR,Medio,0.0937,0.6495,0.0,0.0,0.0,0.25,0
25402,LA VEGA,CUNDINAMARCA,Bajo,0.0936,0.1171,0.0,0.0,0.0,0.0215,0
5380,LA ESTRELLA,ANTIOQUIA,Bajo,0.0932,0.2719,0.0,0.0,0.0,0.199,0
5667,SAN RAFAEL,ANTIOQUIA,Medio,0.0932,0.4466,0.0,0.0,0.0,0.5656,0
68160,CEPITÁ,SANTANDER,Medio,0.093,0.5103,0.0,0.0,0.0,0.529,0
23570,PUEBLO NUEVO,CÓRDOBA,Bajo,0.0928,0.0,0.0,0.0,0.0,0.3513,0
73411,LÍBANO,TOLIMA,Medio,0.0926,0.6244,0.0,0.0,0.0,0.2836,0
25394,LA PALMA,CUNDINAMARCA,Bajo,0.0926,0.0,0.0,0.0,0.0,0.4138,0
52838,TÚQUERRES,NARIÑO,Bajo,0.0925,0.3643,0.0,0.0,0.0,0.5707,0
76520,PALMIRA,VALLE DEL CAUCA,Medio,0.0924,0.6019,0.0,0.0,0.0,0.338,0
25436,MANTA,CUNDINAMARCA,Bajo,0.0921,0.4726,0.0,0.0,0.0,0.1419,0
5664,SAN PEDRO DE LOS MILAGROS,ANTIOQUIA,Bajo,0.0918,0.2838,0.0,0.0,0.0,0.0853,0
15425,MACANAL,BOYACÁ,Medio,0.0918,0.4922,0.0,0.0,0.0,0.5197,0
68229,CURITÍ,SANTANDER,Bajo,0.0917,0.5372,0.0,0.0,0.0,0.1426,0
76828,TRUJILLO,VALLE DEL CAUCA,Bajo,0.0914,0.3882,0.0,0.0,0.0,0.5423,0
5129,CALDAS,ANTIOQUIA,Bajo,0.0914,0.4086,0.0,0.0,0.0,0.4725,0
25372,JUNÍN,CUNDINAMARCA,Medio,0.0905,0.4874,0.0,0.0,0.0,0.5878,0
15681,SAN PABLO DE BORBUR,BOYACÁ,Medio,0.0903,0.7087,0.0,0.0,0.0,0.0,0
17433,MANZANARES,CALDAS,Bajo,0.0901,0.375,0.0,0.0,0.0,0.472,0
27150,CARMEN DEL DARIÉN,CHOCÓ,Bajo,0.0899,0.0027,0.0,0.0,0.0,0.25,0
66088,BELÉN DE UMBRÍA,RISARALDA,Bajo,0.0896,0.2758,0.0,0.0,0.0,0.401,0
76130,CANDELARIA,VALLE DEL CAUCA,Bajo,0.0895,0.425,0.0,0.0,0.0,0.1635,0
15755,SOCOTÁ,BOYACÁ,Medio,0.0894,0.7079,0.0,0.0,0.0,0.0,0
5148,EL CARMEN DE VIBORAL,ANTIOQUIA,Bajo,0.0892,0.2719,0.0,0.0,0.0,0.0635,0
27745,SIPÍ,CHOCÓ,Medio,0.0889,0.6362,0.0,0.0,0.0,0.25,0
15542,PESCA,BOYACÁ,Medio,0.0888,0.7072,0.0,0.0,0.0,0.0,0
68867,VETAS,SANTANDER,Medio,0.0886,0.7066,0.0,0.0,0.0,0.0,0
17777,SUPÍA,CALDAS,Medio,0.0886,0.7063,0.0,0.0,0.0,0.0,0
54172,CHINÁCOTA,NORTE DE SANTANDER,Medio,0.0886,0.5429,0.0,0.0,0.0,0.1748,0
17495,NORCASIA,CALDAS,Medio,0.0885,0.4313,0.0,0.0,0.0,0.4701,0
15296,GÁMEZA,BOYACÁ,Medio,0.0879,0.7043,0.0,0.0,0.0,0.0,0
25426,MACHETÁ,CUNDINAMARCA,Medio,0.0879,0.4859,0.0,0.0,0.0,0.5242,0
5002,ABEJORRAL,ANTIOQUIA,Medio,0.0875,0.4567,0.0,0.0,0.0,0.4673,0
17877,VITERBO,CALDAS,Medio,0.0875,0.5946,0.0,0.0,0.0,0.2943,0
66400,LA VIRGINIA,RISARALDA,Bajo,0.0874,0.4211,0.0,0.0,0.0,0.4664,0
25120,CABRERA,CUNDINAMARCA,Bajo,0.0869,0.0,0.0,0.0,0.0,0.3447,0
5318,GUARNE,ANTIOQUIA,Bajo,0.0858,0.4133,0.0,0.0,0.0,0.1649,0
25785,TABIO,CUNDINAMARCA,Bajo,0.0854,0.2291,0.0,0.0,0.0,0.3583,0
70708,SAN MARCOS,SUCRE,Bajo,0.0854,0.0,0.0,0.0,0.0,0.2148,0
68895,ZAPATOCA,SANTANDER,Bajo,0.0854,0.3047,0.0,0.0,0.0,0.4358,0
25260,EL ROSAL,CUNDINAMARCA,Medio,0.0854,0.546,0.0,0.0,0.0,0.1921,0
73352,ICONONZO,TOLIMA,Bajo,0.0852,0.4567,0.0,0.0,0.0,0.0611,0
68572,PUENTE NACIONAL,SANTANDER,Bajo,0.0847,0.0,0.0,0.0,0.0,0.2126,0
25269,FACATATIVÁ,CUNDINAMARCA,Bajo,0.0845,0.0,0.0,0.0,0.0,0.3415,0
73347,HERVEO,TOLIMA,Bajo,0.0839,0.0,0.0,0.0,0.0,0.339,0
68162,CERRITO,SANTANDER,Bajo,0.0839,0.0,0.0,0.0,0.0,0.3391,0
25279,FÓMEQUE,CUNDINAMARCA,Bajo,0.0836,0.0,0.0,0.0,0.0,0.3257,0
25797,TENA,CUNDINAMARCA,Bajo,0.0834,0.0,0.0,0.0,0.0,0.34,0
85263,PORE,CASANARE,Medio,0.0832,0.5436,0.0,0.0,0.0,0.3972,0
23090,CANALETE,CÓRDOBA,Bajo,0.083,0.0,0.0,0.0,0.0,0.3294,0
5585,PUERTO NARE,ANTIOQUIA,Medio,0.0826,0.7,0.0,0.0,0.0,0.0,0
76036,ANDALUCÍA,VALLE DEL CAUCA,Bajo,0.0824,0.2342,0.0,0.0,0.0,0.3401,0
23500,MOÑITOS,CÓRDOBA,Bajo,0.0824,0.0,0.0,0.0,0.0,0.2898,0
68079,BARICHARA,SANTANDER,Bajo,0.0821,0.4831,0.0,0.0,0.0,0.0782,0
76863,VERSALLES,VALLE DEL CAUCA,Bajo,0.082,0.0,0.0,0.0,0.0,0.2916,0
25086,BELTRÁN,CUNDINAMARCA,Bajo,0.0819,0.3503,0.0,0.0,0.0,0.4509,0
15236,CHIVOR,BOYACÁ,Medio,0.0813,0.5878,0.0,0.0,0.0,0.3102,0
5282,FREDONIA,ANTIOQUIA,Medio,0.0812,0.5075,0.0,0.0,0.0,0.4555,0
73026,ALVARADO,TOLIMA,Medio,0.0809,0.5515,0.0,0.0,0.0,0.3489,0
73563,PRADO,TOLIMA,Bajo,0.0809,0.0,0.0,0.0,0.0,0.2936,0
15187,CHIVATÁ,BOYACÁ,Medio,0.0807,0.699,0.0,0.0,0.0,0.0,0
27361,ISTMINA,CHOCÓ,Medio,0.0806,0.6183,0.0,0.0,0.0,0.25,0
41483,NÁTAGA,HUILA,Bajo,0.0806,0.2076,0.0,0.0,0.0,0.2537,0
25867,VIANÍ,CUNDINAMARCA,Bajo,0.0803,0.06,0.0,0.0,0.0,0.0,0
5873,VIGÍA DEL FUERTE,ANTIOQUIA,Bajo,0.08,0.1924,0.0,0.0,0.0,0.25,0
52210,CONTADERO,NARIÑO,Bajo,0.0797,0.0404,0.0,0.0,0.0,0.0,0
25535,PASCA,CUNDINAMARCA,Bajo,0.0797,0.0404,0.0,0.0,0.0,0.0,0
5658,SAN JOSÉ DE LA MONTAÑA,ANTIOQUIA,Bajo,0.0797,0.0,0.0,0.0,0.0,0.2208,0
25518,PAIME,CUNDINAMARCA,Bajo,0.0797,0.04,0.0,0.0,0.0,0.0,0
27205,CONDOTO,CHOCÓ,Medio,0.0795,0.6085,0.0,0.0,0.0,0.25,0
52203,COLÓN,NARIÑO,Bajo,0.0795,0.063,0.0,0.0,0.0,0.0,0
8433,MALAMBO,ATLÁNTICO,Bajo,0.0793,0.0456,0.0,0.0,0.0,0.0,0
52685,SAN BERNARDO,NARIÑO,Bajo,0.0789,0.0446,0.0,0.0,0.0,0.0,0
68770,SUAITA,SANTANDER,Bajo,0.0787,0.0,0.0,0.0,0.0,0.0443,0
17653,SALAMINA,CALDAS,Bajo,0.0787,0.3441,0.0,0.0,0.0,0.4244,0
52381,LA FLORIDA,NARIÑO,Bajo,0.0787,0.0,0.0,0.0,0.0,0.0443,0
73443,SAN SEBASTIÁN DE MARIQUITA,TOLIMA,Bajo,0.078,0.4335,0.0,0.0,0.0,0.4057,0
23672,SAN ANTERO,CÓRDOBA,Bajo,0.078,0.0459,0.0,0.0,0.0,0.0,0
25862,VERGARA,CUNDINAMARCA,Bajo,0.0778,0.0,0.0,0.0,0.0,0.2254,0
85225,NUNCHÍA,CASANARE,Medio,0.0778,0.5849,0.0,0.0,0.0,0.2864,0
17541,PENSILVANIA,CALDAS,Bajo,0.0774,0.3792,0.0,0.0,0.0,0.3891,0
23417,LORICA,CÓRDOBA,Bajo,0.0773,0.4424,0.0,0.0,0.0,0.4201,0
27491,NÓVITA,CHOCÓ,Medio,0.0772,0.5993,0.0,0.0,0.0,0.25,0
73870,VILLAHERMOSA,TOLIMA,Bajo,0.077,0.4334,0.0,0.0,0.0,0.3701,0
5789,TÁMESIS,ANTIOQUIA,Bajo,0.0766,0.4496,0.0,0.0,0.0,0.3946,0
5690,SANTO DOMINGO,ANTIOQUIA,Medio,0.0763,0.5922,0.0,0.0,0.0,0.2461,0
5376,LA CEJA,ANTIOQUIA,Bajo,0.0763,0.4181,0.0,0.0,0.0,0.3946,0
5674,SAN VICENTE FERRER,ANTIOQUIA,Bajo,0.0754,0.3694,0.0,0.0,0.0,0.2015,0
23678,SAN CARLOS,CÓRDOBA,Bajo,0.0746,0.4242,0.0,0.0,0.0,0.4159,0
50110,BARRANCA DE UPÍA,META,Bajo,0.0745,0.4186,0.0,0.0,0.0,0.412,0
41676,SANTA MARÍA,HUILA,Medio,0.0744,0.4957,0.0,0.0,0.0,0.4271,0
15621,RONDÓN,BOYACÁ,Medio,0.0744,0.5224,0.0,0.0,0.0,0.1964,0
5360,ITAGÜÍ,ANTIOQUIA,Bajo,0.0735,0.2467,0.0,0.0,0.0,0.258,0
25295,GACHANCIPÁ,CUNDINAMARCA,Bajo,0.0732,0.2842,0.0,0.0,0.0,0.2231,0
50270,EL DORADO,META,Bajo,0.073,0.4228,0.0,0.0,0.0,0.1999,0
5541,PEÑOL,ANTIOQUIA,Bajo,0.0723,0.0369,0.0,0.0,0.0,0.0,0
86749,SIBUNDOY,PUTUMAYO,Bajo,0.0722,0.0751,0.0,0.0,0.0,0.0,0
41799,TELLO,HUILA,Bajo,0.0715,0.464,0.0,0.0,0.0,0.3638,0
15218,COVARACHÍA,BOYACÁ,Bajo,0.0714,0.0206,0.0,0.0,0.0,0.0,0
73861,VENADILLO,TOLIMA,Medio,0.0713,0.4895,0.0,0.0,0.0,0.3717,0
27787,TADÓ,CHOCÓ,Medio,0.071,0.6899,0.0,0.0,0.0,0.0,0
76243,EL ÁGUILA,VALLE DEL CAUCA,Bajo,0.0709,0.3077,0.0,0.0,0.0,0.3355,0
15723,SATIVASUR,BOYACÁ,Medio,0.0708,0.6896,0.0,0.0,0.0,0.0,0
25214,COTA,CUNDINAMARCA,Bajo,0.0704,0.0,0.0,0.0,0.0,0.2611,0
25438,MEDINA,CUNDINAMARCA,Medio,0.07,0.5373,0.0,0.0,0.0,0.3498,0
70215,COROZAL,SUCRE,Bajo,0.0697,0.0165,0.0,0.0,0.0,0.0,0
5856,VALPARAÍSO,ANTIOQUIA,Bajo,0.0696,0.4472,0.0,0.0,0.0,0.3446,0
73555,PLANADAS,TOLIMA,Bajo,0.0696,0.0,0.0,0.0,0.0,0.2561,0
81001,ARAUCA,ARAUCA,Bajo,0.0695,0.3333,0.0,0.0,0.0,0.3736,0
5021,ALEJANDRÍA,ANTIOQUIA,Bajo,0.0694,0.0,0.0,0.0,0.0,0.2594,0
68318,GUACA,SANTANDER,Bajo,0.0694,0.0335,0.0,0.0,0.0,0.0,0
27580,RÍO IRÓ,CHOCÓ,Medio,0.0691,0.6894,0.0,0.0,0.0,0.0,0
5885,YALÍ,ANTIOQUIA,Medio,0.0687,0.6858,0.0,0.0,0.0,0.0,0
85410,TAURAMENA,CASANARE,Medio,0.0684,0.5397,0.0,0.0,0.0,0.3432,0
68872,VILLANUEVA,SANTANDER,Bajo,0.0682,0.4652,0.0,0.0,0.0,0.206,0
5467,MONTEBELLO,ANTIOQUIA,Bajo,0.0672,0.3743,0.0,0.0,0.0,0.3228,0
68324,GUAVATÁ,SANTANDER,Bajo,0.067,0.013,0.0,0.0,0.0,0.0,0
41770,SUAZA,HUILA,Bajo,0.0668,0.0146,0.0,0.0,0.0,0.0,0
19318,GUAPI,CAUCA,Medio,0.0668,0.5781,0.0,0.0,0.0,0.25,0
88001,SAN ANDRÉS,"ARCHIPIÉLAGO DE SAN ANDRÉS, PROVIDENCIA Y SANTA CATALINA",Bajo,0.0665,0.0,0.0,0.0,0.0,0.246,0
68179,CHIPATÁ,SANTANDER,Bajo,0.0663,0.0,0.0,0.0,0.0,0.2505,0
54250,EL TARRA,NORTE DE SANTANDER,Bajo,0.0659,0.0,0.0,0.0,0.0,0.25,0
81300,FORTUL,ARAUCA,Bajo,0.0659,0.0,0.0,0.0,0.0,0.25,0
5475,MURINDÓ,ANTIOQUIA,Bajo,0.0659,0.0,0.0,0.0,0.0,0.25,0
52490,OLAYA HERRERA,NARIÑO,Bajo,0.0659,0.0,0.0,0.0,0.0,0.25,0
19364,JAMBALÓ,CAUCA,Bajo,0.0659,0.0,0.0,0.0,0.0,0.25,0
70418,LOS PALMITOS,SUCRE,Bajo,0.0659,0.0,0.0,0.0,0.0,0.25,0
19548,PIENDAMÓ - TUNÍA,CAUCA,Bajo,0.0659,0.0,0.0,0.0,0.0,0.25,0
52390,LA TOLA,NARIÑO,Bajo,0.0659,0.0,0.0,0.0,0.0,0.25,0
52405,LEIVA,NARIÑO,Bajo,0.0659,0.0,0.0,0.0,0.0,0.25,0
54670,SAN CALIXTO,NORTE DE SANTANDER,Bajo,0.0659,0.0,0.0,0.0,0.0,0.25,0
52520,FRANCISCO PIZARRO,NARIÑO,Bajo,0.0659,0.0,0.0,0.0,0.0,0.25,0
54344,HACARÍ,NORTE DE SANTANDER,Bajo,0.0659,0.0,0.0,0.0,0.0,0.25,0
15224,CUCAITA,BOYACÁ,Medio,0.0658,0.5417,0.0,0.0,0.0,0.3242,0
25772,SUESCA,CUNDINAMARCA,Bajo,0.0658,0.3772,0.0,0.0,0.0,0.2199,0
5142,CARACOLÍ,ANTIOQUIA,Medio,0.0655,0.5358,0.0,0.0,0.0,0.3271,0
76054,ARGELIA,VALLE DEL CAUCA,Bajo,0.0655,0.0,0.0,0.0,0.0,0.2471,0
15804,TIBANÁ,BOYACÁ,Bajo,0.0647,0.4157,0.0,0.0,0.0,0.3228,0
17616,RISARALDA,CALDAS,Bajo,0.0646,0.0855,0.0,0.0,0.0,0.0,0
5893,YONDÓ,ANTIOQUIA,Bajo,0.0635,0.2776,0.0,0.0,0.0,0.25,0
27425,MEDIO ATRATO,CHOCÓ,Medio,0.0632,0.5691,0.0,0.0,0.0,0.25,0
23660,SAHAGÚN,CÓRDOBA,Bajo,0.0625,0.0116,0.0,0.0,0.0,0.0,0
15480,MUZO,BOYACÁ,Medio,0.0617,0.6788,0.0,0.0,0.0,0.0,0
15442,MARIPÍ,BOYACÁ,Medio,0.0617,0.6793,0.0,0.0,0.0,0.0,0
52885,YACUANQUER,NARIÑO,Bajo,0.0613,0.4326,0.0,0.0,0.0,0.2303,0
25899,ZIPAQUIRÁ,CUNDINAMARCA,Medio,0.0612,0.5238,0.0,0.0,0.0,0.2289,0
15832,TUNUNGUÁ,BOYACÁ,Bajo,0.0611,0.0114,0.0,0.0,0.0,0.0,0
52079,BARBACOAS,NARIÑO,Medio,0.0611,0.5573,0.0,0.0,0.0,0.25,0
23670,SAN ANDRÉS DE SOTAVENTO,CÓRDOBA,Bajo,0.0611,0.0114,0.0,0.0,0.0,0.0,0
13760,SOPLAVIENTO,BOLÍVAR,Bajo,0.0609,0.0113,0.0,0.0,0.0,0.0,0
66075,BALBOA,RISARALDA,Medio,0.06,0.5122,0.0,0.0,0.0,0.3152,0
5501,OLAYA,ANTIOQUIA,Bajo,0.06,0.0977,0.0,0.0,0.0,0.0,0
25769,SUBACHOQUE,CUNDINAMARCA,Bajo,0.0598,0.4296,0.0,0.0,0.0,0.3088,0
73686,SANTA ISABEL,TOLIMA,Bajo,0.059,0.4533,0.0,0.0,0.0,0.2918,0
54099,BOCHALEMA,NORTE DE SANTANDER,Medio,0.0589,0.6772,0.0,0.0,0.0,0.0,0
25001,AGUA DE DIOS,CUNDINAMARCA,Bajo,0.0588,0.3772,0.0,0.0,0.0,0.2735,0
25743,SILVANIA,CUNDINAMARCA,Bajo,0.0587,0.4233,0.0,0.0,0.0,0.298,0
20517,PAILITAS,CESAR,Medio,0.0581,0.676,0.0,0.0,0.0,0.0,0
41078,BARAYA,HUILA,Bajo,0.0581,0.312,0.0,0.0,0.0,0.2489,0
27600,RÍO QUITO,CHOCÓ,Medio,0.0581,0.6751,0.0,0.0,0.0,0.0,0
15764,SORACÁ,BOYACÁ,Bajo,0.0581,0.3507,0.0,0.0,0.0,0.2361,0
76100,BOLÍVAR,VALLE DEL CAUCA,Bajo,0.0578,0.4468,0.0,0.0,0.0,0.2888,0
76041,ANSERMANUEVO,VALLE DEL CAUCA,Medio,0.0576,0.6743,0.0,0.0,0.0,0.0,0
68271,FLORIÁN,SANTANDER,Bajo,0.0572,0.1084,0.0,0.0,0.0,0.0,0
27615,RIOSUCIO,CHOCÓ,Bajo,0.0571,0.3044,0.0,0.0,0.0,0.25,0
27660,SAN JOSÉ DEL PALMAR,CHOCÓ,Bajo,0.0569,0.3725,0.0,0.0,0.0,0.3089,0
70400,LA UNIÓN,SUCRE,Bajo,0.0565,0.1105,0.0,0.0,0.0,0.0,0
63594,QUIMBAYA,QUINDÍO,Bajo,0.0562,0.008,0.0,0.0,0.0,0.0,0
27025,ALTO BAUDÓ,CHOCÓ,Bajo,0.0562,0.0082,0.0,0.0,0.0,0.0,0
41357,ÍQUIRA,HUILA,Medio,0.0556,0.5273,0.0,0.0,0.0,0.2872,0
68298,GÁMBITA,SANTANDER,Bajo,0.0552,0.3688,0.0,0.0,0.0,0.3027,0
81065,ARAUQUITA,ARAUCA,Bajo,0.055,0.301,0.0,0.0,0.0,0.25,0
76403,LA VICTORIA,VALLE DEL CAUCA,Medio,0.055,0.518,0.0,0.0,0.0,0.2868,0
27413,LLORÓ,CHOCÓ,Medio,0.0547,0.6674,0.0,0.0,0.0,0.0,0
73854,VALLE DE SAN JUAN,TOLIMA,Medio,0.0547,0.6668,0.0,0.0,0.0,0.0,0
76318,GUACARÍ,VALLE DEL CAUCA,Bajo,0.0543,0.1145,0.0,0.0,0.0,0.0,0
25368,JERUSALÉN,CUNDINAMARCA,Medio,0.054,0.6664,0.0,0.0,0.0,0.0,0
15131,CALDAS,BOYACÁ,Bajo,0.0535,0.1171,0.0,0.0,0.0,0.0,0
52215,CÓRDOBA,NARIÑO,Bajo,0.0535,0.1171,0.0,0.0,0.0,0.0,0
15776,SUTAMARCHÁN,BOYACÁ,Bajo,0.0535,0.1171,0.0,0.0,0.0,0.0,0
68522,PALMAR,SANTANDER,Bajo,0.0535,0.1171,0.0,0.0,0.0,0.0,0
25430,MADRID,CUNDINAMARCA,Medio,0.0531,0.5272,0.0,0.0,0.0,0.2732,0
76895,ZARZAL,VALLE DEL CAUCA,Bajo,0.0523,0.476,0.0,0.0,0.0,0.2954,0
5172,CHIGORODÓ,ANTIOQUIA,Bajo,0.0522,0.3786,0.0,0.0,0.0,0.25,0
73236,DOLORES,TOLIMA,Bajo,0.0521,0.0057,0.0,0.0,0.0,0.0,0
5250,EL BAGRE,ANTIOQUIA,Medio,0.0519,0.5467,0.0,0.0,0.0,0.25,0
63401,LA TEBAIDA,QUINDÍO,Bajo,0.0517,0.4549,0.0,0.0,0.0,0.2652,0
70473,MORROA,SUCRE,Bajo,0.0516,0.3873,0.0,0.0,0.0,0.25,0
5088,BELLO,ANTIOQUIA,Medio,0.0512,0.6601,0.0,0.0,0.0,0.0,0
54874,VILLA DEL ROSARIO,NORTE DE SANTANDER,Medio,0.0511,0.6618,0.0,0.0,0.0,0.0,0
52427,MAGÜÍ,NARIÑO,Bajo,0.0505,0.3745,0.0,0.0,0.0,0.25,0
25175,CHÍA,CUNDINAMARCA,Bajo,0.0502,0.4068,0.0,0.0,0.0,0.03,0
52260,EL TAMBO,NARIÑO,Bajo,0.0501,0.1211,0.0,0.0,0.0,0.0,0
68820,TONA,SANTANDER,Bajo,0.0501,0.1229,0.0,0.0,0.0,0.0,0
5837,TURBO,ANTIOQUIA,Bajo,0.05,0.3432,0.0,0.0,0.0,0.25,0
68167,CHARALÁ,SANTANDER,Medio,0.0496,0.5322,0.0,0.0,0.0,0.2636,0
5652,SAN FRANCISCO,ANTIOQUIA,Bajo,0.0496,0.4489,0.0,0.0,0.0,0.2777,0
5411,LIBORINA,ANTIOQUIA,Bajo,0.0494,0.1199,0.0,0.0,0.0,0.0,0
5147,CAREPA,ANTIOQUIA,Medio,0.0491,0.5441,0.0,0.0,0.0,0.25,0
5145,CARAMANTA,ANTIOQUIA,Bajo,0.049,0.0051,0.0,0.0,0.0,0.0,0
15176,CHIQUINQUIRÁ,BOYACÁ,Bajo,0.0488,0.1271,0.0,0.0,0.0,0.0,0
5234,DABEIBA,ANTIOQUIA,Bajo,0.0482,0.4575,0.0,0.0,0.0,0.25,0
27160,CÉRTEGUI,CHOCÓ,Medio,0.0475,0.6581,0.0,0.0,0.0,0.0,0
41518,PAICOL,HUILA,Medio,0.0467,0.5167,0.0,0.0,0.0,0.2555,0
5107,BRICEÑO,ANTIOQUIA,Medio,0.0466,0.5305,0.0,0.0,0.0,0.25,0
52418,LOS ANDES,NARIÑO,Medio,0.046,0.5186,0.0,0.0,0.0,0.25,0
15238,DUITAMA,BOYACÁ,Bajo,0.0455,0.4978,0.0,0.0,0.0,0.2568,0
15839,TUTAZÁ,BOYACÁ,Bajo,0.0448,0.1406,0.0,0.0,0.0,0.0,0
19821,TORIBÍO,CAUCA,Medio,0.0447,0.5353,0.0,0.0,0.0,0.25,0
19455,MIRANDA,CAUCA,Bajo,0.0443,0.4157,0.0,0.0,0.0,0.25,0
15368,JERICÓ,BOYACÁ,Medio,0.044,0.6559,0.0,0.0,0.0,0.0,0
27050,ATRATO,CHOCÓ,Medio,0.0435,0.6515,0.0,0.0,0.0,0.0,0
15537,PAZ DE RÍO,BOYACÁ,Medio,0.0431,0.6523,0.0,0.0,0.0,0.0,0
17388,LA MERCED,CALDAS,Medio,0.0429,0.6536,0.0,0.0,0.0,0.0,0
68397,LA PAZ,SANTANDER,Medio,0.0429,0.6536,0.0,0.0,0.0,0.0,0
52696,SANTA BÁRBARA,NARIÑO,Bajo,0.0428,0.4933,0.0,0.0,0.0,0.25,0
23855,VALENCIA,CÓRDOBA,Bajo,0.0428,0.4925,0.0,0.0,0.0,0.25,0
17042,ANSERMA,CALDAS,Medio,0.0424,0.6552,0.0,0.0,0.0,0.0,0
41797,TESALIA,HUILA,Medio,0.0424,0.6552,0.0,0.0,0.0,0.0,0
23682,SAN JOSÉ DE URÉ,CÓRDOBA,Bajo,0.0422,0.4628,0.0,0.0,0.0,0.25,0
5266,ENVIGADO,ANTIOQUIA,Bajo,0.0418,0.1483,0.0,0.0,0.0,0.0,0
23807,TIERRALTA,CÓRDOBA,Bajo,0.0413,0.4905,0.0,0.0,0.0,0.25,0
68855,VALLE DE SAN JOSÉ,SANTANDER,Bajo,0.0405,0.1612,0.0,0.0,0.0,0.0,0
15248,EL ESPINO,BOYACÁ,Bajo,0.0393,0.1658,0.0,0.0,0.0,0.0,0
41807,TIMANÁ,HUILA,Bajo,0.0393,0.1658,0.0,0.0,0.0,0.0,0
68533,PÁRAMO,SANTANDER,Bajo,0.039,0.1638,0.0,0.0,0.0,0.0,0
50313,GRANADA,META,Medio,0.0362,0.6441,0.0,0.0,0.0,0.0,0
5044,ANZÁ,ANTIOQUIA,Medio,0.036,0.6427,0.0,0.0,0.0,0.0,0
25781,SUTATAUSA,CUNDINAMARCA,Medio,0.036,0.6421,0.0,0.0,0.0,0.0,0
17442,MARMATO,CALDAS,Medio,0.0355,0.6397,0.0,0.0,0.0,0.0,0
5240,EBÉJICO,ANTIOQUIA,Bajo,0.0353,0.167,0.0,0.0,0.0,0.0,0
5308,GIRARDOTA,ANTIOQUIA,Medio,0.0343,0.6238,0.0,0.0,0.0,0.0,0
25823,TOPAIPÍ,CUNDINAMARCA,Bajo,0.0341,0.0017,0.0,0.0,0.0,0.0,0
15362,IZA,BOYACÁ,Medio,0.0341,0.6365,0.0,0.0,0.0,0.0,0
17013,AGUADAS,CALDAS,Medio,0.034,0.6359,0.0,0.0,0.0,0.0,0
5030,AMAGÁ,ANTIOQUIA,Medio,0.034,0.6359,0.0,0.0,0.0,0.0,0
73504,ORTEGA,TOLIMA,Medio,0.0333,0.6235,0.0,0.0,0.0,0.0,0
15476,MOTAVITA,BOYACÁ,Medio,0.0322,0.6305,0.0,0.0,0.0,0.0,0
8573,PUERTO COLOMBIA,ATLÁNTICO,Medio,0.0315,0.6227,0.0,0.0,0.0,0.0,0
8296,GALAPA,ATLÁNTICO,Bajo,0.0314,0.1703,0.0,0.0,0.0,0.0,0
25339,GUTIÉRREZ,CUNDINAMARCA,Bajo,0.0307,0.1743,0.0,0.0,0.0,0.0,0
63130,CALARCÁ,QUINDÍO,Medio,0.0289,0.6039,0.0,0.0,0.0,0.0,0
5036,ANGELÓPOLIS,ANTIOQUIA,Medio,0.0288,0.6185,0.0,0.0,0.0,0.0,0
19300,GUACHENÉ,CAUCA,Medio,0.0279,0.6156,0.0,0.0,0.0,0.0,0
5190,CISNEROS,ANTIOQUIA,Medio,0.0279,0.6053,0.0,0.0,0.0,0.0,0
15720,SATIVANORTE,BOYACÁ,Medio,0.0279,0.6051,0.0,0.0,0.0,0.0,0
68861,VÉLEZ,SANTANDER,Medio,0.0277,0.615,0.0,0.0,0.0,0.0,0
15464,MONGUA,BOYACÁ,Medio,0.0276,0.6105,0.0,0.0,0.0,0.0,0
68679,SAN GIL,SANTANDER,Medio,0.027,0.5964,0.0,0.0,0.0,0.0,0
25513,PACHO,CUNDINAMARCA,Medio,0.0269,0.6146,0.0,0.0,0.0,0.0,0
5858,VEGACHÍ,ANTIOQUIA,Medio,0.0269,0.5928,0.0,0.0,0.0,0.0,0
5887,YARUMAL,ANTIOQUIA,Medio,0.0266,0.5973,0.0,0.0,0.0,0.0,0
15491,NOBSA,BOYACÁ,Medio,0.0264,0.6019,0.0,0.0,0.0,0.0,0
5093,BETULIA,ANTIOQUIA,Medio,0.0263,0.5907,0.0,0.0,0.0,0.0,0
54385,LA ESPERANZA,NORTE DE SANTANDER,Medio,0.0255,0.589,0.0,0.0,0.0,0.0,0
5761,SOPETRÁN,ANTIOQUIA,Medio,0.0255,0.589,0.0,0.0,0.0,0.0,0
25328,GUAYABAL DE SÍQUIMA,CUNDINAMARCA,Bajo,0.0236,0.1799,0.0,0.0,0.0,0.0,0
15500,OICATÁ,BOYACÁ,Bajo,0.0216,0.5797,0.0,0.0,0.0,0.0,0
50318,GUAMAL,META,Bajo,0.0216,0.5797,0.0,0.0,0.0,0.0,0
41026,ALTAMIRA,HUILA,Bajo,0.0212,0.1852,0.0,0.0,0.0,0.0,0
15897,ZETAQUIRA,BOYACÁ,Bajo,0.021,0.2076,0.0,0.0,0.0,0.0,0
70124,CAIMITO,SUCRE,Bajo,0.021,0.2076,0.0,0.0,0.0,0.0,0
8558,POLONUEVO,ATLÁNTICO,Bajo,0.0209,0.1856,0.0,0.0,0.0,0.0,0
15660,SAN EDUARDO,BOYACÁ,Bajo,0.0209,0.1856,0.0,0.0,0.0,0.0,0
8078,BARANOA,ATLÁNTICO,Bajo,0.0209,0.1856,0.0,0.0,0.0,0.0,0
68368,JESÚS MARÍA,SANTANDER,Bajo,0.0209,0.1856,0.0,0.0,0.0,0.0,0
68051,ARATOCA,SANTANDER,Bajo,0.0209,0.5758,0.0,0.0,0.0,0.0,0
5659,SAN JUAN DE URABÁ,ANTIOQUIA,Bajo,0.0209,0.1874,0.0,0.0,0.0,0.0,0
70265,GUARANDA,SUCRE,Bajo,0.0209,0.1856,0.0,0.0,0.0,0.0,0
76400,LA UNIÓN,VALLE DEL CAUCA,Bajo,0.0207,0.1928,0.0,0.0,0.0,0.0,0
5842,URAMITA,ANTIOQUIA,Bajo,0.0205,0.1932,0.0,0.0,0.0,0.0,0
68780,SURATÁ,SANTANDER,Bajo,0.02,0.2135,0.0,0.0,0.0,0.0,0
19397,LA VEGA,CAUCA,Bajo,0.0199,0.2239,0.0,0.0,0.0,0.0,0
52227,CUMBAL,NARIÑO,Bajo,0.0199,0.2178,0.0,0.0,0.0,0.0,0
15686,SANTANA,BOYACÁ,Bajo,0.0199,0.195,0.0,0.0,0.0,0.0,0
68755,SOCORRO,SANTANDER,Bajo,0.0196,0.1898,0.0,0.0,0.0,0.0,0
52224,CUASPUD CARLOSAMA,NARIÑO,Bajo,0.0196,0.1923,0.0,0.0,0.0,0.0,0
68121,CABRERA,SANTANDER,Bajo,0.0192,0.2155,0.0,0.0,0.0,0.0,0
25126,CAJICÁ,CUNDINAMARCA,Bajo,0.0191,0.204,0.0,0.0,0.0,0.0,0
5113,BURITICÁ,ANTIOQUIA,Bajo,0.0189,0.5709,0.0,0.0,0.0,0.0,0
52693,SAN PABLO,NARIÑO,Bajo,0.0189,0.5709,0.0,0.0,0.0,0.0,0
15511,PACHAVITA,BOYACÁ,Bajo,0.0188,0.2111,0.0,0.0,0.0,0.0,0
68147,CAPITANEJO,SANTANDER,Bajo,0.0183,0.5726,0.0,0.0,0.0,0.0,0
63001,ARMENIA,QUINDÍO,Bajo,0.0172,0.2375,0.0,0.0,0.0,0.0,0
25245,EL COLEGIO,CUNDINAMARCA,Bajo,0.0172,0.2376,0.0,0.0,0.0,0.0,0
73283,FRESNO,TOLIMA,Bajo,0.0169,0.2681,0.0,0.0,0.0,0.0,0
23464,MOMIL,CÓRDOBA,Bajo,0.0168,0.2342,0.0,0.0,0.0,0.0,0
5306,GIRALDO,ANTIOQUIA,Bajo,0.0168,0.2342,0.0,0.0,0.0,0.0,0
15189,CIÉNEGA,BOYACÁ,Bajo,0.0168,0.2342,0.0,0.0,0.0,0.0,0
23586,PURÍSIMA DE LA CONCEPCIÓN,CÓRDOBA,Bajo,0.0168,0.2342,0.0,0.0,0.0,0.0,0
15522,PANQUEBA,BOYACÁ,Bajo,0.0164,0.2269,0.0,0.0,0.0,0.0,0
68468,MOLAGAVITA,SANTANDER,Bajo,0.0163,0.2332,0.0,0.0,0.0,0.0,0
54239,DURANIA,NORTE DE SANTANDER,Bajo,0.0163,0.5621,0.0,0.0,0.0,0.0,0
27430,MEDIO BAUDÓ,CHOCÓ,Bajo,0.0162,0.2462,0.0,0.0,0.0,0.0,0
68320,GUADALUPE,SANTANDER,Bajo,0.0159,0.2591,0.0,0.0,0.0,0.0,0
13655,SAN JACINTO DEL CAUCA,BOLÍVAR,Bajo,0.0158,0.2714,0.0,0.0,0.0,0.0,0
25599,APULO,CUNDINAMARCA,Bajo,0.0155,0.2551,0.0,0.0,0.0,0.0,0
5051,ARBOLETES,ANTIOQUIA,Bajo,0.0154,0.2719,0.0,0.0,0.0,0.0,0
25871,VILLAGÓMEZ,CUNDINAMARCA,Bajo,0.0154,0.2719,0.0,0.0,0.0,0.0,0
44430,MAICAO,LA GUAJIRA,Bajo,0.0154,0.2719,0.0,0.0,0.0,0.0,0
68673,SAN BENITO,SANTANDER,Bajo,0.0144,0.2638,0.0,0.0,0.0,0.0,0
15599,RAMIRIQUÍ,BOYACÁ,Bajo,0.0142,0.559,0.0,0.0,0.0,0.0,0
15673,SAN MATEO,BOYACÁ,Bajo,0.0142,0.5581,0.0,0.0,0.0,0.0,0
15774,SUSACÓN,BOYACÁ,Bajo,0.0136,0.2764,0.0,0.0,0.0,0.0,0
15185,CHITARAQUE,BOYACÁ,Bajo,0.0134,0.2865,0.0,0.0,0.0,0.0,0
19392,LA SIERRA,CAUCA,Bajo,0.0133,0.5578,0.0,0.0,0.0,0.0,0
66001,PEREIRA,RISARALDA,Bajo,0.0132,0.5596,0.0,0.0,0.0,0.0,0
25307,GIRARDOT,CUNDINAMARCA,Bajo,0.0123,0.5553,0.0,0.0,0.0,0.0,0
23686,SAN PELAYO,CÓRDOBA,Bajo,0.0118,0.2795,0.0,0.0,0.0,0.0,0
13647,SAN ESTANISLAO,BOLÍVAR,Bajo,0.0118,0.2798,0.0,0.0,0.0,0.0,0
15632,SABOYÁ,BOYACÁ,Bajo,0.0116,0.4566,0.0,0.0,0.0,0.0,0
5861,VENECIA,ANTIOQUIA,Bajo,0.0113,0.5525,0.0,0.0,0.0,0.0,0
25281,FOSCA,CUNDINAMARCA,Bajo,0.01,0.4551,0.0,0.0,0.0,0.0,0
68773,SUCRE,SANTANDER,Bajo,0.0099,0.4004,0.0,0.0,0.0,0.0,0
8832,TUBARÁ,ATLÁNTICO,Bajo,0.0099,0.4004,0.0,0.0,0.0,0.0,0
20614,RÍO DE ORO,CESAR,Bajo,0.0097,0.3993,0.0,0.0,0.0,0.0,0
15762,SORA,BOYACÁ,Bajo,0.0095,0.554,0.0,0.0,0.0,0.0,0
52352,ILES,NARIÑO,Bajo,0.0091,0.3053,0.0,0.0,0.0,0.0,0
68549,PINCHOTE,SANTANDER,Bajo,0.0091,0.289,0.0,0.0,0.0,0.0,0
25053,ARBELÁEZ,CUNDINAMARCA,Bajo,0.0091,0.2883,0.0,0.0,0.0,0.0,0
15223,CUBARÁ,BOYACÁ,Bajo,0.009,0.3767,0.0,0.0,0.0,0.0,0
19785,SUCRE,CAUCA,Bajo,0.0089,0.0,0.0,0.0,0.0,0.0,0
15380,LA CAPILLA,BOYACÁ,Bajo,0.0089,0.0,0.0,0.0,0.0,0.0,0
68209,CONFINES,SANTANDER,Bajo,0.0089,0.0,0.0,0.0,0.0,0.0,0
68296,GALÁN,SANTANDER,Bajo,0.0089,0.0,0.0,0.0,0.0,0.0,0
68524,PALMAS DEL SOCORRO,SANTANDER,Bajo,0.0089,0.0,0.0,0.0,0.0,0.0,0
68502,ONZAGA,SANTANDER,Bajo,0.0089,0.0,0.0,0.0,0.0,0.0,0
68176,CHIMA,SANTANDER,Bajo,0.0089,0.0,0.0,0.0,0.0,0.0,0
68370,JORDÁN,SANTANDER,Bajo,0.0089,0.0,0.0,0.0,0.0,0.0,0
15109,BUENAVISTA,BOYACÁ,Bajo,0.0089,0.0,0.0,0.0,0.0,0.0,0
68682,SAN JOAQUÍN,SANTANDER,Bajo,0.0089,0.0,0.0,0.0,0.0,0.0,0
15377,LABRANZAGRANDE,BOYACÁ,Bajo,0.0089,0.0,0.0,0.0,0.0,0.0,0
15244,EL COCUY,BOYACÁ,Bajo,0.0089,0.0,0.0,0.0,0.0,0.0,0
68669,SAN ANDRÉS,SANTANDER,Bajo,0.0089,0.0,0.0,0.0,0.0,0.0,0
68720,SANTA HELENA DEL OPÓN,SANTANDER,Bajo,0.0089,0.0,0.0,0.0,0.0,0.0,0
5101,CIUDAD BOLÍVAR,ANTIOQUIA,Bajo,0.0089,0.0,0.0,0.0,0.0,0.0,0
8770,SUAN,ATLÁNTICO,Bajo,0.0089,0.0,0.0,0.0,0.0,0.0,0
47541,PEDRAZA,MAGDALENA,Bajo,0.0089,0.0,0.0,0.0,0.0,0.0,0
47205,CONCORDIA,MAGDALENA,Bajo,0.0089,0.0,0.0,0.0,0.0,0.0,0
25386,LA MESA,CUNDINAMARCA,Bajo,0.0089,0.0,0.0,0.0,0.0,0.0,0
25398,LA PEÑA,CUNDINAMARCA,Bajo,0.0089,0.0,0.0,0.0,0.0,0.0,0
47268,EL RETÉN,MAGDALENA,Bajo,0.0089,0.0,0.0,0.0,0.0,0.0,0
70717,SAN PEDRO,SUCRE,Bajo,0.0089,0.0,0.0,0.0,0.0,0.0,0
70678,SAN BENITO ABAD,SUCRE,Bajo,0.0089,0.0,0.0,0.0,0.0,0.0,0
70702,SAN JUAN DE BETULIA,SUCRE,Bajo,0.0089,0.0,0.0,0.0,0.0,0.0,0
23350,LA APARTADA,CÓRDOBA,Bajo,0.0089,0.0,0.0,0.0,0.0,0.0,0
47675,SALAMINA,MAGDALENA,Bajo,0.0089,0.0,0.0,0.0,0.0,0.0,0
17446,MARULANDA,CALDAS,Bajo,0.0089,0.0,0.0,0.0,0.0,0.0,0
52254,EL PEÑOL,NARIÑO,Bajo,0.0089,0.0,0.0,0.0,0.0,0.0,0
17444,MARQUETALIA,CALDAS,Bajo,0.0089,0.0,0.0,0.0,0.0,0.0,0
17665,SAN JOSÉ,CALDAS,Bajo,0.0089,0.0,0.0,0.0,0.0,0.0,0
52506,OSPINA,NARIÑO,Bajo,0.0089,0.0,0.0,0.0,0.0,0.0,0
52565,PROVIDENCIA,NARIÑO,Bajo,0.0089,0.0,0.0,0.0,0.0,0.0,0
52019,ALBÁN,NARIÑO,Bajo,0.0089,0.0,0.0,0.0,0.0,0.0,0
20310,GONZÁLEZ,CESAR,Bajo,0.0089,0.0,0.0,0.0,0.0,0.0,0
52411,LINARES,NARIÑO,Bajo,0.0089,0.0,0.0,0.0,0.0,0.0,0
52258,EL TABLÓN DE GÓMEZ,NARIÑO,Bajo,0.0089,0.0,0.0,0.0,0.0,0.0,0
52051,ARBOLEDA,NARIÑO,Bajo,0.0089,0.0,0.0,0.0,0.0,0.0,0
50400,LEJANÍAS,META,Bajo,0.0089,0.0,0.0,0.0,0.0,0.0,0
47570,PUEBLOVIEJO,MAGDALENA,Bajo,0.0089,0.0,0.0,0.0,0.0,0.0,0
52317,GUACHUCAL,NARIÑO,Bajo,0.0089,0.0,0.0,0.0,0.0,0.0,0
15808,TINJACÁ,BOYACÁ,Bajo,0.0089,0.0,0.0,0.0,0.0,0.0,0
54743,SILOS,NORTE DE SANTANDER,Bajo,0.0089,0.0,0.0,0.0,0.0,0.0,0
63190,CIRCASIA,QUINDÍO,Bajo,0.0089,0.0,0.0,0.0,0.0,0.0,0
25489,NIMAIMA,CUNDINAMARCA,Bajo,0.0089,0.0,0.0,0.0,0.0,0.0,0
25506,VENECIA,CUNDINAMARCA,Bajo,0.0089,0.0,0.0,0.0,0.0,0.0,0
25491,NOCAIMA,CUNDINAMARCA,Bajo,0.0089,0.0,0.0,0.0,0.0,0.0,0
41244,ELÍAS,HUILA,Bajo,0.0089,0.0,0.0,0.0,0.0,0.0,0
68327,GÜEPSA,SANTANDER,Bajo,0.0089,0.0,0.0,0.0,0.0,0.0,0
68322,GUAPOTÁ,SANTANDER,Bajo,0.0089,0.0,0.0,0.0,0.0,0.0,0
68245,EL GUACAMAYO,SANTANDER,Bajo,0.0089,0.0,0.0,0.0,0.0,0.0,0
25649,SAN BERNARDO,CUNDINAMARCA,Bajo,0.0089,0.0,0.0,0.0,0.0,0.0,0
41319,GUADALUPE,HUILA,Bajo,0.0089,0.0,0.0,0.0,0.0,0.0,0
27372,JURADÓ,CHOCÓ,Bajo,0.0089,0.0,0.0,0.0,0.0,0.0,0
25898,ZIPACÓN,CUNDINAMARCA,Bajo,0.0089,0.0,0.0,0.0,0.0,0.0,0
68344,HATO,SANTANDER,Bajo,0.0089,0.0,0.0,0.0,0.0,0.0,0
85015,CHÁMEZA,CASANARE,Bajo,0.0089,0.0,0.0,0.0,0.0,0.0,0
85315,SÁCAMA,CASANARE,Bajo,0.0089,0.0,0.0,0.0,0.0,0.0,0
25596,QUIPILE,CUNDINAMARCA,Bajo,0.0089,0.0,0.0,0.0,0.0,0.0,0
5631,SABANETA,ANTIOQUIA,Bajo,0.0089,0.0,0.0,0.0,0.0,0.0,0
76823,TORO,VALLE DEL CAUCA,Bajo,0.0089,0.0,0.0,0.0,0.0,0.0,0
8141,CANDELARIA,ATLÁNTICO,Bajo,0.0089,0.0,0.0,0.0,0.0,0.0,0
8137,CAMPO DE LA CRUZ,ATLÁNTICO,Bajo,0.0089,0.0,0.0,0.0,0.0,0.0,0
5576,PUEBLORRICO,ANTIOQUIA,Bajo,0.0089,0.0,0.0,0.0,0.0,0.0,0
44847,URIBIA,LA GUAJIRA,Bajo,0.0089,0.4522,0.0,0.0,0.0,0.0,0
15879,VIRACACHÁ,BOYACÁ,Bajo,0.0089,0.0,0.0,0.0,0.0,0.0,0
15816,TOGÜÍ,BOYACÁ,Bajo,0.0089,0.0,0.0,0.0,0.0,0.0,0
54418,LOURDES,NORTE DE SANTANDER,Bajo,0.0089,0.0,0.0,0.0,0.0,0.0,0
54599,RAGONVALIA,NORTE DE SANTANDER,Bajo,0.0089,0.0,0.0,0.0,0.0,0.0,0
15664,SAN JOSÉ DE PARE,BOYACÁ,Bajo,0.0089,0.0,0.0,0.0,0.0,0.0,0
19355,INZÁ,CAUCA,Bajo,0.0089,0.0,0.0,0.0,0.0,0.0,0
68077,BARBOSA,SANTANDER,Bajo,0.0089,0.0,0.0,0.0,0.0,0.0,0
68152,CARCASÍ,SANTANDER,Bajo,0.0089,0.0,0.0,0.0,0.0,0.0,0
15740,SIACHOQUE,BOYACÁ,Bajo,0.0089,0.0,0.0,0.0,0.0,0.0,0
52083,BELÉN,NARIÑO,Bajo,0.0089,0.0,0.0,0.0,0.0,0.0,0
15162,CERINZA,BOYACÁ,Bajo,0.0089,0.0,0.0,0.0,0.0,0.0,0
15212,COPER,BOYACÁ,Bajo,0.0089,0.0,0.0,0.0,0.0,0.0,0
8560,PONEDERA,ATLÁNTICO,Bajo,0.0089,0.0,0.0,0.0,0.0,0.0,0
54871,VILLA CARO,NORTE DE SANTANDER,Bajo,0.0089,0.0,0.0,0.0,0.0,0.0,0
8675,SANTA LUCÍA,ATLÁNTICO,Bajo,0.0089,0.0,0.0,0.0,0.0,0.0,0
73024,ALPUJARRA,TOLIMA,Bajo,0.0089,0.0,0.0,0.0,0.0,0.0,0
25095,BITUIMA,CUNDINAMARCA,Bajo,0.0089,0.0,0.0,0.0,0.0,0.0,0
13620,SAN CRISTÓBAL,BOLÍVAR,Bajo,0.0089,0.0,0.0,0.0,0.0,0.0,0
52036,ANCUYA,NARIÑO,Bajo,0.0089,0.0,0.0,0.0,0.0,0.0,0
52720,SAPUYES,NARIÑO,Bajo,0.0084,0.5052,0.0,0.0,0.0,0.0,0
25815,TOCAIMA,CUNDINAMARCA,Bajo,0.0084,0.5059,0.0,0.0,0.0,0.0,0
17088,BELALCÁZAR,CALDAS,Bajo,0.0084,0.506,0.0,0.0,0.0,0.0,0
15667,SAN LUIS DE GACENO,BOYACÁ,Bajo,0.0084,0.4994,0.0,0.0,0.0,0.0,0
68684,SAN JOSÉ DE MIRANDA,SANTANDER,Bajo,0.0083,0.3009,0.0,0.0,0.0,0.0,0
15638,SÁCHICA,BOYACÁ,Bajo,0.008,0.5067,0.0,0.0,0.0,0.0,0
73547,PIEDRAS,TOLIMA,Bajo,0.0079,0.379,0.0,0.0,0.0,0.0,0
25168,CHAGUANÍ,CUNDINAMARCA,Bajo,0.0079,0.3098,0.0,0.0,0.0,0.0,0
15114,BUSBANZÁ,BOYACÁ,Bajo,0.0079,0.3793,0.0,0.0,0.0,0.0,0
52354,IMUÉS,NARIÑO,Bajo,0.0079,0.433,0.0,0.0,0.0,0.0,0
15090,BERBEO,BOYACÁ,Bajo,0.0078,0.3958,0.0,0.0,0.0,0.0,0
5237,DONMATÍAS,ANTIOQUIA,Bajo,0.0077,0.5467,0.0,0.0,0.0,0.0,0
15401,LA VICTORIA,BOYACÁ,Bajo,0.0076,0.4285,0.0,0.0,0.0,0.0,0
50251,EL CASTILLO,META,Bajo,0.0074,0.4377,0.0,0.0,0.0,0.0,0
52385,LA LLANADA,NARIÑO,Bajo,0.0074,0.5453,0.0,0.0,0.0,0.0,0
50287,FUENTE DE ORO,META,Bajo,0.0073,0.5169,0.0,0.0,0.0,0.0,0
73408,LÉRIDA,TOLIMA,Bajo,0.0072,0.5456,0.0,0.0,0.0,0.0,0
17272,FILADELFIA,CALDAS,Bajo,0.0072,0.5083,0.0,0.0,0.0,0.0,0
68013,AGUADA,SANTANDER,Bajo,0.0072,0.5462,0.0,0.0,0.0,0.0,0
15763,SOTAQUIRÁ,BOYACÁ,Bajo,0.0072,0.5456,0.0,0.0,0.0,0.0,0
25843,VILLA DE SAN DIEGO DE UBATÉ,CUNDINAMARCA,Bajo,0.0071,0.464,0.0,0.0,0.0,0.0,0
25745,SIMIJACA,CUNDINAMARCA,Bajo,0.0071,0.465,0.0,0.0,0.0,0.0,0
25290,FUSAGASUGÁ,CUNDINAMARCA,Bajo,0.0071,0.3944,0.0,0.0,0.0,0.0,0
5628,SABANALARGA,ANTIOQUIA,Bajo,0.0071,0.5425,0.0,0.0,0.0,0.0,0
25151,CÁQUEZA,CUNDINAMARCA,Bajo,0.007,0.5185,0.0,0.0,0.0,0.0,0
5679,SANTA BÁRBARA,ANTIOQUIA,Bajo,0.0068,0.3139,0.0,0.0,0.0,0.0,0
68169,CHARTA,SANTANDER,Bajo,0.0068,0.3126,0.0,0.0,0.0,0.0,0
25592,QUEBRADANEGRA,CUNDINAMARCA,Bajo,0.0068,0.4326,0.0,0.0,0.0,0.0,0
68498,OCAMONTE,SANTANDER,Bajo,0.0068,0.432,0.0,0.0,0.0,0.0,0
13838,TURBANÁ,BOLÍVAR,Bajo,0.0067,0.5209,0.0,0.0,0.0,0.0,0
68217,COROMORO,SANTANDER,Bajo,0.0067,0.4299,0.0,0.0,0.0,0.0,0
23419,LOS CÓRDOBAS,CÓRDOBA,Bajo,0.0067,0.4297,0.0,0.0,0.0,0.0,0
8634,SABANAGRANDE,ATLÁNTICO,Bajo,0.0066,0.3892,0.0,0.0,0.0,0.0,0
5138,CAÑASGORDAS,ANTIOQUIA,Bajo,0.0066,0.3895,0.0,0.0,0.0,0.0,0
8685,SANTO TOMÁS,ATLÁNTICO,Bajo,0.0066,0.3892,0.0,0.0,0.0,0.0,0
52585,PUPIALES,NARIÑO,Bajo,0.0066,0.297,0.0,0.0,0.0,0.0,0
8520,PALMAR DE VARELA,ATLÁNTICO,Bajo,0.0066,0.4269,0.0,0.0,0.0,0.0,0
52683,SANDONÁ,NARIÑO,Bajo,0.0066,0.387,0.0,0.0,0.0,0.0,0
25807,TIBIRITA,CUNDINAMARCA,Bajo,0.0065,0.3734,0.0,0.0,0.0,0.0,0
15226,CUÍTIVA,BOYACÁ,Bajo,0.0065,0.3734,0.0,0.0,0.0,0.0,0
15092,BETÉITIVA,BOYACÁ,Bajo,0.0065,0.5501,0.0,0.0,0.0,0.0,0
25779,SUSA,CUNDINAMARCA,Bajo,0.0064,0.4443,0.0,0.0,0.0,0.0,0
5656,SAN JERÓNIMO,ANTIOQUIA,Bajo,0.0062,0.296,0.0,0.0,0.0,0.0,0
15104,BOYACÁ,BOYACÁ,Bajo,0.0062,0.5387,0.0,0.0,0.0,0.0,0
68266,ENCISO,SANTANDER,Bajo,0.0062,0.5375,0.0,0.0,0.0,0.0,0
25483,NARIÑO,CUNDINAMARCA,Bajo,0.0061,0.4786,0.0,0.0,0.0,0.0,0
52699,SANTACRUZ,NARIÑO,Bajo,0.0061,0.3732,0.0,0.0,0.0,0.0,0
25473,MOSQUERA,CUNDINAMARCA,Bajo,0.006,0.5139,0.0,0.0,0.0,0.0,0
52399,LA UNIÓN,NARIÑO,Bajo,0.006,0.4943,0.0,0.0,0.0,0.0,0
15822,TOTA,BOYACÁ,Bajo,0.006,0.4127,0.0,0.0,0.0,0.0,0
15469,MONIQUIRÁ,BOYACÁ,Bajo,0.0058,0.5096,0.0,0.0,0.0,0.0,0
8638,SABANALARGA,ATLÁNTICO,Bajo,0.0058,0.5282,0.0,0.0,0.0,0.0,0
15531,PAUNA,BOYACÁ,Bajo,0.0058,0.48,0.0,0.0,0.0,0.0,0
15317,GUACAMAYAS,BOYACÁ,Bajo,0.0058,0.4813,0.0,0.0,0.0,0.0,0
52678,SAMANIEGO,NARIÑO,Bajo,0.0057,0.5494,0.0,0.0,0.0,0.0,0
15299,GARAGOA,BOYACÁ,Bajo,0.0057,0.5233,0.0,0.0,0.0,0.0,0
15403,LA UVITA,BOYACÁ,Bajo,0.0057,0.5231,0.0,0.0,0.0,0.0,0
50150,CASTILLA LA NUEVA,META,Bajo,0.0057,0.5493,0.0,0.0,0.0,0.0,0
25612,RICAURTE,CUNDINAMARCA,Bajo,0.0056,0.4937,0.0,0.0,0.0,0.0,0
25662,SAN JUAN DE RIOSECO,CUNDINAMARCA,Bajo,0.0056,0.4685,0.0,0.0,0.0,0.0,0
54051,ARBOLEDAS,NORTE DE SANTANDER,Bajo,0.0055,0.4671,0.0,0.0,0.0,0.0,0
76113,BUGALAGRANDE,VALLE DEL CAUCA,Bajo,0.0055,0.5246,0.0,0.0,0.0,0.0,0
54174,CHITAGÁ,NORTE DE SANTANDER,Bajo,0.0053,0.4252,0.0,0.0,0.0,0.0,0
8436,MANATÍ,ATLÁNTICO,Bajo,0.0053,0.4156,0.0,0.0,0.0,0.0,0
15835,TURMEQUÉ,BOYACÁ,Bajo,0.0052,0.4181,0.0,0.0,0.0,0.0,0
15183,CHITA,BOYACÁ,Bajo,0.005,0.4628,0.0,0.0,0.0,0.0,0
52435,MALLAMA,NARIÑO,Bajo,0.005,0.3818,0.0,0.0,0.0,0.0,0
15806,TIBASOSA,BOYACÁ,Bajo,0.0049,0.5265,0.0,0.0,0.0,0.0,0
68686,SAN MIGUEL,SANTANDER,Bajo,0.0049,0.5102,0.0,0.0,0.0,0.0,0
27135,EL CANTÓN DEL SAN PABLO,CHOCÓ,Bajo,0.0049,0.5111,0.0,0.0,0.0,0.0,0
25258,EL PEÑÓN,CUNDINAMARCA,Bajo,0.0048,0.3201,0.0,0.0,0.0,0.0,0
13433,MAHATES,BOLÍVAR,Bajo,0.0048,0.5372,0.0,0.0,0.0,0.0,0
15693,SANTA ROSA DE VITERBO,BOYACÁ,Bajo,0.0047,0.4851,0.0,0.0,0.0,0.0,0
5315,GUADALUPE,ANTIOQUIA,Bajo,0.0046,0.5262,0.0,0.0,0.0,0.0,0
5134,CAMPAMENTO,ANTIOQUIA,Bajo,0.0046,0.3828,0.0,0.0,0.0,0.0,0
68385,LANDÁZURI,SANTANDER,Bajo,0.0046,0.5257,0.0,0.0,0.0,0.0,0
27073,BAGADÓ,CHOCÓ,Bajo,0.0046,0.5363,0.0,0.0,0.0,0.0,0
15514,PÁEZ,BOYACÁ,Bajo,0.0045,0.4744,0.0,0.0,0.0,0.0,0
19807,TIMBÍO,CAUCA,Bajo,0.0044,0.3513,0.0,0.0,0.0,0.0,0
25875,VILLETA,CUNDINAMARCA,Bajo,0.0043,0.3697,0.0,0.0,0.0,0.0,0
15753,SOATÁ,BOYACÁ,Bajo,0.0043,0.3694,0.0,0.0,0.0,0.0,0
41396,LA PLATA,HUILA,Bajo,0.0043,0.3689,0.0,0.0,0.0,0.0,0
85300,SABANALARGA,CASANARE,Bajo,0.0042,0.3492,0.0,0.0,0.0,0.0,0
8372,JUAN DE ACOSTA,ATLÁNTICO,Bajo,0.0042,0.349,0.0,0.0,0.0,0.0,0
25594,QUETAME,CUNDINAMARCA,Bajo,0.0042,0.4901,0.0,0.0,0.0,0.0,0
5819,TOLEDO,ANTIOQUIA,Bajo,0.0041,0.3714,0.0,0.0,0.0,0.0,0
5059,ARMENIA,ANTIOQUIA,Bajo,0.0039,0.3712,0.0,0.0,0.0,0.0,0
19622,ROSAS,CAUCA,Bajo,0.0036,0.5352,0.0,0.0,0.0,0.0,0
54125,CÁCOTA,NORTE DE SANTANDER,Bajo,0.0032,0.3635,0.0,0.0,0.0,0.0,0
68432,MÁLAGA,SANTANDER,Bajo,0.0032,0.3639,0.0,0.0,0.0,0.0,0
25524,PANDI,CUNDINAMARCA,Bajo,0.0029,0.3236,0.0,0.0,0.0,0.0,0
15180,CHISCAS,BOYACÁ,Bajo,0.0029,0.3244,0.0,0.0,0.0,0.0,0
23189,CIÉNAGA DE ORO,CÓRDOBA,Bajo,0.0029,0.3214,0.0,0.0,0.0,0.0,0
76736,SEVILLA,VALLE DEL CAUCA,Bajo,0.0028,0.3427,0.0,0.0,0.0,0.0,0
68211,CONTRATACIÓN,SANTANDER,Bajo,0.0028,0.3444,0.0,0.0,0.0,0.0,0
25324,GUATAQUÍ,CUNDINAMARCA,Bajo,0.0026,0.4717,0.0,0.0,0.0,0.0,0
41791,TARQUI,HUILA,Bajo,0.0024,0.346,0.0,0.0,0.0,0.0,0
68425,MACARAVITA,SANTANDER,Bajo,0.0018,0.3552,0.0,0.0,0.0,0.0,0
15367,JENESANO,BOYACÁ,Bajo,0.0007,0.3354,0.0,0.0,0.0,0.0,0
19022,ALMAGUER,CAUCA,Bajo,0.0007,0.3358,0.0,0.0,0.0,0.0,0
15022,ALMEIDA,BOYACÁ,Bajo,0.0007,0.336,0.0,0.0,0.0,0.0,0
15106,BRICEÑO,BOYACÁ,Bajo,0.0,0.3278,0.0,0.0,0.0,0.0,0
13140,CALAMAR,BOLÍVAR,Bajo,0.0,0.3288,0.0,0.0,0.0,0.0,0
