cod_mpio,longitud,tipo_municipio,nom_mpio,cod_dpto,dpto,latitud
05001,"-75,581775",Municipio,MEDELLÍN,05,ANTIOQUIA,"6,246631"
05002,"-75,428739",Municipio,ABEJORRAL,05,ANTIOQUIA,"5,789315"
05004,"-76,064304",Municipio,ABRIAQUÍ,05,ANTIOQUIA,"6,632282"
05021,"-75,141346",Municipio,ALEJANDRÍA,05,ANTIOQUIA,"6,376061"
05030,"-75,702188",Municipio,AMAGÁ,05,ANTIOQUIA,"6,038708"
05031,"-75,077501",Municipio,AMALFI,05,ANTIOQUIA,"6,909655"
05034,"-75,878828",Municipio,ANDES,05,ANTIOQUIA,"5,657194"
05036,"-75,711389",Municipio,ANGELÓPOLIS,05,ANTIOQUIA,"6,109719"
05038,"-75,335116",Municipio,ANGOSTURA,05,ANTIOQUIA,"6,885175"
05040,"-75,148355",Municipio,ANORÍ,05,ANTIOQUIA,"7,074703"
05042,"-75,826648",Municipio,SANTA FÉ DE ANTIOQUIA,05,ANTIOQUIA,"6,556484"
05044,"-75,854442",Municipio,ANZÁ,05,ANTIOQUIA,"6,302641"
05045,"-76,625279",Municipio,APARTADÓ,05,ANTIOQUIA,"7,882968"
05051,"-76,426708",Municipio,ARBOLETES,05,ANTIOQUIA,"8,849317"
05055,"-75,14107",Municipio,ARGELIA,05,ANTIOQUIA,"5,731474"
05059,"-75,786647",Municipio,ARMENIA,05,ANTIOQUIA,"6,155667"
05079,"-75,331627",Municipio,BARBOSA,05,ANTIOQUIA,"6,439195"
05086,"-75,667779",Municipio,BELMIRA,05,ANTIOQUIA,"6,606319"
05088,"-75,555245",Municipio,BELLO,05,ANTIOQUIA,"6,333587"
05091,"-75,97679",Municipio,BETANIA,05,ANTIOQUIA,"5,74615"
05093,"-75,984452",Municipio,BETULIA,05,ANTIOQUIA,"6,115208"
05101,"-76,021509",Municipio,CIUDAD BOLÍVAR,05,ANTIOQUIA,"5,850273"
05107,"-75,55036",Municipio,BRICEÑO,05,ANTIOQUIA,"7,112803"
05113,"-75,907",Municipio,BURITICÁ,05,ANTIOQUIA,"6,720759"
05120,"-75,35205",Municipio,CÁCERES,05,ANTIOQUIA,"7,578366"
05125,"-75,98293",Municipio,CAICEDO,05,ANTIOQUIA,"6,405607"
05129,"-75,633673",Municipio,CALDAS,05,ANTIOQUIA,"6,091077"
05134,"-75,298091",Municipio,CAMPAMENTO,05,ANTIOQUIA,"6,979771"
05138,"-76,028228",Municipio,CAÑASGORDAS,05,ANTIOQUIA,"6,753859"
05142,"-74,757421",Municipio,CARACOLÍ,05,ANTIOQUIA,"6,409829"
05145,"-75,643868",Municipio,CARAMANTA,05,ANTIOQUIA,"5,54853"
05147,"-76,652652",Municipio,CAREPA,05,ANTIOQUIA,"7,755148"
05148,"-75,333901",Municipio,EL CARMEN DE VIBORAL,05,ANTIOQUIA,"6,082885"
05150,"-75,283192",Municipio,CAROLINA,05,ANTIOQUIA,"6,725995"
05154,"-75,197996",Municipio,CAUCASIA,05,ANTIOQUIA,"7,977278"
05172,"-76,681531",Municipio,CHIGORODÓ,05,ANTIOQUIA,"7,666147"
05190,"-75,087047",Municipio,CISNEROS,05,ANTIOQUIA,"6,537829"
05197,"-75,185483",Municipio,COCORNÁ,05,ANTIOQUIA,"6,058295"
05206,"-75,257587",Municipio,CONCEPCIÓN,05,ANTIOQUIA,"6,394348"
05209,"-75,908448",Municipio,CONCORDIA,05,ANTIOQUIA,"6,045738"
05212,"-75,509384",Municipio,COPACABANA,05,ANTIOQUIA,"6,348557"
05234,"-76,261614",Municipio,DABEIBA,05,ANTIOQUIA,"6,998112"
05237,"-75,39263",Municipio,DONMATÍAS,05,ANTIOQUIA,"6,485603"
05240,"-75,766413",Municipio,EBÉJICO,05,ANTIOQUIA,"6,325615"
05250,"-74,799097",Municipio,EL BAGRE,05,ANTIOQUIA,"7,5975"
05264,"-75,517685",Municipio,ENTRERRÍOS,05,ANTIOQUIA,"6,566273"
05266,"-75,582192",Municipio,ENVIGADO,05,ANTIOQUIA,"6,166695"
05282,"-75,675072",Municipio,FREDONIA,05,ANTIOQUIA,"5,928039"
05284,"-76,130765",Municipio,FRONTINO,05,ANTIOQUIA,"6,776066"
05306,"-75,952158",Municipio,GIRALDO,05,ANTIOQUIA,"6,680808"
05308,"-75,444238",Municipio,GIRARDOTA,05,ANTIOQUIA,"6,379472"
05310,"-75,220018",Municipio,GÓMEZ PLATA,05,ANTIOQUIA,"6,683269"
05313,"-75,184446",Municipio,GRANADA,05,ANTIOQUIA,"6,142892"
05315,"-75,239862",Municipio,GUADALUPE,05,ANTIOQUIA,"6,815069"
05318,"-75,441612",Municipio,GUARNE,05,ANTIOQUIA,"6,27787"
05321,"-75,160041",Municipio,GUATAPÉ,05,ANTIOQUIA,"6,232461"
05347,"-75,734322",Municipio,HELICONIA,05,ANTIOQUIA,"6,206757"
05353,"-75,906587",Municipio,HISPANIA,05,ANTIOQUIA,"5,799461"
05360,"-75,612056",Municipio,ITAGÜÍ,05,ANTIOQUIA,"6,175079"
05361,"-75,764673",Municipio,ITUANGO,05,ANTIOQUIA,"7,171629"
05364,"-75,818982",Municipio,JARDÍN,05,ANTIOQUIA,"5,597542"
05368,"-75,785499",Municipio,JERICÓ,05,ANTIOQUIA,"5,789748"
05376,"-75,429433",Municipio,LA CEJA,05,ANTIOQUIA,"6,028062"
05380,"-75,637708",Municipio,LA ESTRELLA,05,ANTIOQUIA,"6,145238"
05390,"-75,60781",Municipio,LA PINTADA,05,ANTIOQUIA,"5,743808"
05400,"-75,360874",Municipio,LA UNIÓN,05,ANTIOQUIA,"5,973845"
05411,"-75,812838",Municipio,LIBORINA,05,ANTIOQUIA,"6,677316"
05425,"-74,78716",Municipio,MACEO,05,ANTIOQUIA,"6,552116"
05440,"-75,339345",Municipio,MARINILLA,05,ANTIOQUIA,"6,173995"
05467,"-75,523455",Municipio,MONTEBELLO,05,ANTIOQUIA,"5,946313"
05475,"-76,817485",Municipio,MURINDÓ,05,ANTIOQUIA,"6,97771"
05480,"-76,435875",Municipio,MUTATÁ,05,ANTIOQUIA,"7,242875"
05483,"-75,176262",Municipio,NARIÑO,05,ANTIOQUIA,"5,610777"
05490,"-76,787271",Municipio,NECOCLÍ,05,ANTIOQUIA,"8,434526"
05495,"-74,77647",Municipio,NECHÍ,05,ANTIOQUIA,"8,094129"
05501,"-75,811773",Municipio,OLAYA,05,ANTIOQUIA,"6,626492"
05541,"-75,242693",Municipio,PEÑOL,05,ANTIOQUIA,"6,219349"
05543,"-75,910357",Municipio,PEQUE,05,ANTIOQUIA,"7,021029"
05576,"-75,839903",Municipio,PUEBLORRICO,05,ANTIOQUIA,"5,79158"
05579,"-74,410016",Municipio,PUERTO BERRÍO,05,ANTIOQUIA,"6,487028"
05585,"-74,583012",Municipio,PUERTO NARE,05,ANTIOQUIA,"6,186025"
05591,"-74,64119",Municipio,PUERTO TRIUNFO,05,ANTIOQUIA,"5,871318"
05604,"-74,698135",Municipio,REMEDIOS,05,ANTIOQUIA,"7,029424"
05607,"-75,501301",Municipio,RETIRO,05,ANTIOQUIA,"6,062454"
05615,"-75,377316",Municipio,RIONEGRO,05,ANTIOQUIA,"6,147148"
05628,"-75,816645",Municipio,SABANALARGA,05,ANTIOQUIA,"6,850028"
05631,"-75,615479",Municipio,SABANETA,05,ANTIOQUIA,"6,149903"
05642,"-75,976807",Municipio,SALGAR,05,ANTIOQUIA,"5,964198"
05647,"-75,674564",Municipio,SAN ANDRÉS DE CUERQUÍA,05,ANTIOQUIA,"6,916676"
05649,"-74,988097",Municipio,SAN CARLOS,05,ANTIOQUIA,"6,187746"
05652,"-75,101562",Municipio,SAN FRANCISCO,05,ANTIOQUIA,"5,963476"
05656,"-75,726975",Municipio,SAN JERÓNIMO,05,ANTIOQUIA,"6,44809"
05658,"-75,683352",Municipio,SAN JOSÉ DE LA MONTAÑA,05,ANTIOQUIA,"6,85009"
05659,"-76,52857",Municipio,SAN JUAN DE URABÁ,05,ANTIOQUIA,"8,758964"
05660,"-74,993619",Municipio,SAN LUIS,05,ANTIOQUIA,"6,043017"
05664,"-75,556743",Municipio,SAN PEDRO DE LOS MILAGROS,05,ANTIOQUIA,"6,46012"
05665,"-76,380567",Municipio,SAN PEDRO DE URABÁ,05,ANTIOQUIA,"8,276884"
05667,"-75,02849",Municipio,SAN RAFAEL,05,ANTIOQUIA,"6,293759"
05670,"-75,019109",Municipio,SAN ROQUE,05,ANTIOQUIA,"6,485939"
05674,"-75,332616",Municipio,SAN VICENTE FERRER,05,ANTIOQUIA,"6,282164"
05679,"-75,567351",Municipio,SANTA BÁRBARA,05,ANTIOQUIA,"5,875527"
05686,"-75,460723",Municipio,SANTA ROSA DE OSOS,05,ANTIOQUIA,"6,643366"
05690,"-75,164903",Municipio,SANTO DOMINGO,05,ANTIOQUIA,"6,473032"
05697,"-75,265465",Municipio,EL SANTUARIO,05,ANTIOQUIA,"6,136871"
05736,"-74,701596",Municipio,SEGOVIA,05,ANTIOQUIA,"7,079648"
05756,"-75,309596",Municipio,SONSÓN,05,ANTIOQUIA,"5,714851"
05761,"-75,747378",Municipio,SOPETRÁN,05,ANTIOQUIA,"6,500745"
05789,"-75,714429",Municipio,TÁMESIS,05,ANTIOQUIA,"5,664645"
05790,"-75,401407",Municipio,TARAZÁ,05,ANTIOQUIA,"7,580127"
05792,"-75,822956",Municipio,TARSO,05,ANTIOQUIA,"5,864542"
05809,"-75,791887",Municipio,TITIRIBÍ,05,ANTIOQUIA,"6,062391"
05819,"-75,692281",Municipio,TOLEDO,05,ANTIOQUIA,"7,010328"
05837,"-76,728858",Municipio,TURBO,05,ANTIOQUIA,"8,089929"
05842,"-76,173284",Municipio,URAMITA,05,ANTIOQUIA,"6,898393"
05847,"-76,133951",Municipio,URRAO,05,ANTIOQUIA,"6,317343"
05854,"-75,439274",Municipio,VALDIVIA,05,ANTIOQUIA,"7,1652"
05856,"-75,624452",Municipio,VALPARAÍSO,05,ANTIOQUIA,"5,614555"
05858,"-74,798714",Municipio,VEGACHÍ,05,ANTIOQUIA,"6,773525"
05861,"-75,735544",Municipio,VENECIA,05,ANTIOQUIA,"5,964693"
05873,"-76,896004",Municipio,VIGÍA DEL FUERTE,05,ANTIOQUIA,"6,588164"
05885,"-74,840059",Municipio,YALÍ,05,ANTIOQUIA,"6,676554"
05887,"-75,418828",Municipio,YARUMAL,05,ANTIOQUIA,"6,963832"
05890,"-75,013385",Municipio,YOLOMBÓ,05,ANTIOQUIA,"6,594511"
05893,"-73,912445",Municipio,YONDÓ,05,ANTIOQUIA,"7,00396"
05895,"-74,867075",Municipio,ZARAGOZA,05,ANTIOQUIA,"7,488583"
08001,"-74,815546",Municipio,BARRANQUILLA,08,ATLÁNTICO,"10,977961"
08078,"-74,916077",Municipio,BARANOA,08,ATLÁNTICO,"10,79445"
08137,"-74,880847",Municipio,CAMPO DE LA CRUZ,08,ATLÁNTICO,"10,378291"
08141,"-74,879717",Municipio,CANDELARIA,08,ATLÁNTICO,"10,461903"
08296,"-74,870385",Municipio,GALAPA,08,ATLÁNTICO,"10,919033"
08372,"-75,041032",Municipio,JUAN DE ACOSTA,08,ATLÁNTICO,"10,83254"
08421,"-75,14199",Municipio,LURUACO,08,ATLÁNTICO,"10,610491"
08433,"-74,776923",Municipio,MALAMBO,08,ATLÁNTICO,"10,857086"
08436,"-74,956867",Municipio,MANATÍ,08,ATLÁNTICO,"10,449089"
08520,"-74,754765",Municipio,PALMAR DE VARELA,08,ATLÁNTICO,"10,738591"
08549,"-75,107592",Municipio,PIOJÓ,08,ATLÁNTICO,"10,749216"
08558,"-74,852981",Municipio,POLONUEVO,08,ATLÁNTICO,"10,777363"
08560,"-74,753885",Municipio,PONEDERA,08,ATLÁNTICO,"10,641779"
08573,"-74,888627",Municipio,PUERTO COLOMBIA,08,ATLÁNTICO,"11,015322"
08606,"-75,125534",Municipio,REPELÓN,08,ATLÁNTICO,"10,493357"
08634,"-74,759496",Municipio,SABANAGRANDE,08,ATLÁNTICO,"10,792453"
08638,"-74,921256",Municipio,SABANALARGA,08,ATLÁNTICO,"10,632091"
08675,"-74,959204",Municipio,SANTA LUCÍA,08,ATLÁNTICO,"10,324303"
08685,"-74,757859",Municipio,SANTO TOMÁS,08,ATLÁNTICO,"10,758735"
08758,"-74,786054",Municipio,SOLEDAD,08,ATLÁNTICO,"10,909921"
08770,"-74,881687",Municipio,SUAN,08,ATLÁNTICO,"10,335432"
08832,"-74,978704",Municipio,TUBARÁ,08,ATLÁNTICO,"10,873586"
08849,"-74,976985",Municipio,USIACURÍ,08,ATLÁNTICO,"10,74298"
11001,"-74,106992",Municipio,"BOGOTÁ, D.C.",11,"BOGOTÁ, D.C.","4,649251"
13001,"-75,496269",Municipio,CARTAGENA DE INDIAS,13,BOLÍVAR,"10,385126"
13006,"-74,557676",Municipio,ACHÍ,13,BOLÍVAR,"8,570107"
13030,"-74,164905",Municipio,ALTOS DEL ROSARIO,13,BOLÍVAR,"8,791865"
13042,"-73,941099",Municipio,ARENAL,13,BOLÍVAR,"8,458865"
13052,"-75,344332",Municipio,ARJONA,13,BOLÍVAR,"10,25666"
13062,"-75,019215",Municipio,ARROYOHONDO,13,BOLÍVAR,"10,250075"
13074,"-74,104391",Municipio,BARRANCO DE LOBA,13,BOLÍVAR,"8,947787"
13140,"-74,916144",Municipio,CALAMAR,13,BOLÍVAR,"10,250431"
13160,"-73,914605",Municipio,CANTAGALLO,13,BOLÍVAR,"7,378678"
13188,"-74,645981",Municipio,CICUCO,13,BOLÍVAR,"9,274281"
13212,"-74,827399",Municipio,CÓRDOBA,13,BOLÍVAR,"9,586942"
13222,"-75,328469",Municipio,CLEMENCIA,13,BOLÍVAR,"10,567452"
13244,"-75,121178",Municipio,EL CARMEN DE BOLÍVAR,13,BOLÍVAR,"9,718653"
13248,"-74,976084",Municipio,EL GUAMO,13,BOLÍVAR,"10,030958"
13268,"-73,949274",Municipio,EL PEÑÓN,13,BOLÍVAR,"8,988271"
13300,"-74,077912",Municipio,HATILLO DE LOBA,13,BOLÍVAR,"8,956014"
13430,"-74,766742",Municipio,MAGANGUÉ,13,BOLÍVAR,"9,263799"
13433,"-75,191643",Municipio,MAHATES,13,BOLÍVAR,"10,233285"
13440,"-74,285137",Municipio,MARGARITA,13,BOLÍVAR,"9,15784"
13442,"-75,300516",Municipio,MARÍA LA BAJA,13,BOLÍVAR,"9,982402"
13458,"-74,471176",Municipio,MONTECRISTO,13,BOLÍVAR,"8,297234"
13468,"-74,42818",Municipio,SANTA CRUZ DE MOMPOX,13,BOLÍVAR,"9,244241"
13473,"-73,868172",Municipio,MORALES,13,BOLÍVAR,"8,276558"
13490,"-74,038003",Municipio,NOROSÍ,13,BOLÍVAR,"8,526259"
13549,"-74,462279",Municipio,PINILLOS,13,BOLÍVAR,"8,914947"
13580,"-73,821638",Municipio,REGIDOR,13,BOLÍVAR,"8,666258"
13600,"-73,840466",Municipio,RÍO VIEJO,13,BOLÍVAR,"8,58795"
13620,"-75,065076",Municipio,SAN CRISTÓBAL,13,BOLÍVAR,"10,392836"
13647,"-75,153101",Municipio,SAN ESTANISLAO,13,BOLÍVAR,"10,398602"
13650,"-74,323811",Municipio,SAN FERNANDO,13,BOLÍVAR,"9,214183"
13654,"-75,12105",Municipio,SAN JACINTO,13,BOLÍVAR,"9,830275"
13655,"-74,721156",Municipio,SAN JACINTO DEL CAUCA,13,BOLÍVAR,"8,25158"
13657,"-75,081761",Municipio,SAN JUAN NEPOMUCENO,13,BOLÍVAR,"9,953751"
13667,"-74,039134",Municipio,SAN MARTÍN DE LOBA,13,BOLÍVAR,"8,937485"
13670,"-73,924602",Municipio,SAN PABLO,13,BOLÍVAR,"7,476747"
13673,"-75,287855",Municipio,SANTA CATALINA,13,BOLÍVAR,"10,605294"
13683,"-75,369824",Municipio,SANTA ROSA,13,BOLÍVAR,"10,444396"
13688,"-74,052243",Municipio,SANTA ROSA DEL SUR,13,BOLÍVAR,"7,963938"
13744,"-73,947264",Municipio,SIMITÍ,13,BOLÍVAR,"7,953916"
13760,"-75,136404",Municipio,SOPLAVIENTO,13,BOLÍVAR,"10,38839"
13780,"-74,567479",Municipio,TALAIGUA NUEVO,13,BOLÍVAR,"9,30403"
13810,"-74,262922",Municipio,TIQUISIO,13,BOLÍVAR,"8,558666"
13836,"-75,427249",Municipio,TURBACO,13,BOLÍVAR,"10,348316"
13838,"-75,44265",Municipio,TURBANÁ,13,BOLÍVAR,"10,274585"
13873,"-75,275613",Municipio,VILLANUEVA,13,BOLÍVAR,"10,444089"
13894,"-74,817879",Municipio,ZAMBRANO,13,BOLÍVAR,"9,746306"
15001,"-73,355539",Municipio,TUNJA,15,BOYACÁ,"5,53988"
15022,"-73,378933",Municipio,ALMEIDA,15,BOYACÁ,"4,970857"
15047,"-72,88399",Municipio,AQUITANIA,15,BOYACÁ,"5,518602"
15051,"-73,437503",Municipio,ARCABUCO,15,BOYACÁ,"5,755673"
15087,"-72,911641",Municipio,BELÉN,15,BOYACÁ,"5,98923"
15090,"-73,12721",Municipio,BERBEO,15,BOYACÁ,"5,227451"
15092,"-72,809014",Municipio,BETÉITIVA,15,BOYACÁ,"5,909978"
15097,"-72,584905",Municipio,BOAVITA,15,BOYACÁ,"6,330703"
15104,"-73,361945",Municipio,BOYACÁ,15,BOYACÁ,"5,454578"
15106,"-73,92326",Municipio,BRICEÑO,15,BOYACÁ,"5,690879"
15109,"-73,94217",Municipio,BUENAVISTA,15,BOYACÁ,"5,512594"
15114,"-72,884158",Municipio,BUSBANZÁ,15,BOYACÁ,"5,831393"
15131,"-73,865553",Municipio,CALDAS,15,BOYACÁ,"5,55458"
15135,"-73,104173",Municipio,CAMPOHERMOSO,15,BOYACÁ,"5,031676"
15162,"-72,947918",Municipio,CERINZA,15,BOYACÁ,"5,955939"
15172,"-73,368476",Municipio,CHINAVITA,15,BOYACÁ,"5,167486"
15176,"-73,818745",Municipio,CHIQUINQUIRÁ,15,BOYACÁ,"5,61379"
15180,"-72,500957",Municipio,CHISCAS,15,BOYACÁ,"6,553136"
15183,"-72,471892",Municipio,CHITA,15,BOYACÁ,"6,187083"
15185,"-73,4471",Municipio,CHITARAQUE,15,BOYACÁ,"6,027425"
15187,"-73,282529",Municipio,CHIVATÁ,15,BOYACÁ,"5,558949"
15189,"-73,296049",Municipio,CIÉNEGA,15,BOYACÁ,"5,408694"
15204,"-73,323957",Municipio,CÓMBITA,15,BOYACÁ,"5,634545"
15212,"-74,045636",Municipio,COPER,15,BOYACÁ,"5,475074"
15215,"-72,844795",Municipio,CORRALES,15,BOYACÁ,"5,828064"
15218,"-72,738978",Municipio,COVARACHÍA,15,BOYACÁ,"6,500177"
15223,"-72,107939",Municipio,CUBARÁ,15,BOYACÁ,"6,997275"
15224,"-73,454338",Municipio,CUCAITA,15,BOYACÁ,"5,544452"
15226,"-72,965923",Municipio,CUÍTIVA,15,BOYACÁ,"5,580367"
15232,"-73,449463",Municipio,CHÍQUIZA,15,BOYACÁ,"5,639834"
15236,"-73,368398",Municipio,CHIVOR,15,BOYACÁ,"4,888173"
15238,"-73,03063",Municipio,DUITAMA,15,BOYACÁ,"5,822964"
15244,"-72,444537",Municipio,EL COCUY,15,BOYACÁ,"6,407738"
15248,"-72,497007",Municipio,EL ESPINO,15,BOYACÁ,"6,483027"
15272,"-72,993392",Municipio,FIRAVITOBA,15,BOYACÁ,"5,668885"
15276,"-72,918111",Municipio,FLORESTA,15,BOYACÁ,"5,859519"
15293,"-73,549092",Municipio,GACHANTIVÁ,15,BOYACÁ,"5,751891"
15296,"-72,80553",Municipio,GÁMEZA,15,BOYACÁ,"5,802333"
15299,"-73,364413",Municipio,GARAGOA,15,BOYACÁ,"5,083234"
15317,"-72,500812",Municipio,GUACAMAYAS,15,BOYACÁ,"6,459667"
15322,"-73,471207",Municipio,GUATEQUE,15,BOYACÁ,"5,007321"
15325,"-73,489698",Municipio,GUAYATÁ,15,BOYACÁ,"4,967122"
15332,"-72,411763",Municipio,GÜICÁN DE LA SIERRA,15,BOYACÁ,"6,462864"
15362,"-72,979559",Municipio,IZA,15,BOYACÁ,"5,611577"
15367,"-73,363738",Municipio,JENESANO,15,BOYACÁ,"5,385813"
15368,"-72,571122",Municipio,JERICÓ,15,BOYACÁ,"6,145735"
15377,"-72,57777",Municipio,LABRANZAGRANDE,15,BOYACÁ,"5,562687"
15380,"-73,444347",Municipio,LA CAPILLA,15,BOYACÁ,"5,095687"
15401,"-74,234393",Municipio,LA VICTORIA,15,BOYACÁ,"5,523792"
15403,"-72,559982",Municipio,LA UVITA,15,BOYACÁ,"6,31616"
15407,"-73,524948",Municipio,VILLA DE LEYVA,15,BOYACÁ,"5,632455"
15425,"-73,319593",Municipio,MACANAL,15,BOYACÁ,"4,972464"
15442,"-74,00405",Municipio,MARIPÍ,15,BOYACÁ,"5,550091"
15455,"-73,14563",Municipio,MIRAFLORES,15,BOYACÁ,"5,196515"
15464,"-72,79809",Municipio,MONGUA,15,BOYACÁ,"5,754242"
15466,"-72,849292",Municipio,MONGUÍ,15,BOYACÁ,"5,723486"
15469,"-73,573374",Municipio,MONIQUIRÁ,15,BOYACÁ,"5,876331"
15476,"-73,367841",Municipio,MOTAVITA,15,BOYACÁ,"5,5777"
15480,"-74,10269",Municipio,MUZO,15,BOYACÁ,"5,532758"
15491,"-72,937042",Municipio,NOBSA,15,BOYACÁ,"5,768046"
15494,"-73,456759",Municipio,NUEVO COLÓN,15,BOYACÁ,"5,355317"
15500,"-73,308399",Municipio,OICATÁ,15,BOYACÁ,"5,595235"
15507,"-74,180965",Municipio,OTANCHE,15,BOYACÁ,"5,657536"
15511,"-73,396953",Municipio,PACHAVITA,15,BOYACÁ,"5,140065"
15514,"-73,052737",Municipio,PÁEZ,15,BOYACÁ,"5,097319"
15516,"-73,11782",Municipio,PAIPA,15,BOYACÁ,"5,779894"
15518,"-72,703231",Municipio,PAJARITO,15,BOYACÁ,"5,293783"
15522,"-72,459424",Municipio,PANQUEBA,15,BOYACÁ,"6,443416"
15531,"-73,978449",Municipio,PAUNA,15,BOYACÁ,"5,656323"
15533,"-72,423775",Municipio,PAYA,15,BOYACÁ,"5,625699"
15537,"-72,749137",Municipio,PAZ DE RÍO,15,BOYACÁ,"5,987645"
15542,"-73,050872",Municipio,PESCA,15,BOYACÁ,"5,558808"
15550,"-72,486023",Municipio,PISBA,15,BOYACÁ,"5,72141"
15572,"-74,587782",Municipio,PUERTO BOYACÁ,15,BOYACÁ,"5,976646"
15580,"-74,180033",Municipio,QUÍPAMA,15,BOYACÁ,"5,52055"
15599,"-73,334839",Municipio,RAMIRIQUÍ,15,BOYACÁ,"5,400303"
15600,"-73,632543",Municipio,RÁQUIRA,15,BOYACÁ,"5,539136"
15621,"-73,208474",Municipio,RONDÓN,15,BOYACÁ,"5,357378"
15632,"-73,764456",Municipio,SABOYÁ,15,BOYACÁ,"5,697756"
15638,"-73,542539",Municipio,SÁCHICA,15,BOYACÁ,"5,584305"
15646,"-73,485589",Municipio,SAMACÁ,15,BOYACÁ,"5,492161"
15660,"-73,077747",Municipio,SAN EDUARDO,15,BOYACÁ,"5,22401"
15664,"-73,545397",Municipio,SAN JOSÉ DE PARE,15,BOYACÁ,"6,018924"
15667,"-73,168076",Municipio,SAN LUIS DE GACENO,15,BOYACÁ,"4,81976"
15673,"-72,555264",Municipio,SAN MATEO,15,BOYACÁ,"6,401683"
15676,"-73,722009",Municipio,SAN MIGUEL DE SEMA,15,BOYACÁ,"5,518083"
15681,"-74,069963",Municipio,SAN PABLO DE BORBUR,15,BOYACÁ,"5,650743"
15686,"-73,481639",Municipio,SANTANA,15,BOYACÁ,"6,056866"
15690,"-73,263518",Municipio,SANTA MARÍA,15,BOYACÁ,"4,857193"
15693,"-72,982461",Municipio,SANTA ROSA DE VITERBO,15,BOYACÁ,"5,874547"
15696,"-73,602707",Municipio,SANTA SOFÍA,15,BOYACÁ,"5,713269"
15720,"-72,708458",Municipio,SATIVANORTE,15,BOYACÁ,"6,131132"
15723,"-72,712435",Municipio,SATIVASUR,15,BOYACÁ,"6,093183"
15740,"-73,24466",Municipio,SIACHOQUE,15,BOYACÁ,"5,511811"
15753,"-72,684051",Municipio,SOATÁ,15,BOYACÁ,"6,331945"
15755,"-72,636653",Municipio,SOCOTÁ,15,BOYACÁ,"6,041162"
15757,"-72,691963",Municipio,SOCHA,15,BOYACÁ,"5,996717"
15759,"-72,924355",Municipio,SOGAMOSO,15,BOYACÁ,"5,723976"
15761,"-73,433393",Municipio,SOMONDOCO,15,BOYACÁ,"4,985726"
15762,"-73,450153",Municipio,SORA,15,BOYACÁ,"5,56684"
15763,"-73,246585",Municipio,SOTAQUIRÁ,15,BOYACÁ,"5,764986"
15764,"-73,332804",Municipio,SORACÁ,15,BOYACÁ,"5,500898"
15774,"-72,690289",Municipio,SUSACÓN,15,BOYACÁ,"6,230332"
15776,"-73,620536",Municipio,SUTAMARCHÁN,15,BOYACÁ,"5,619781"
15778,"-73,452317",Municipio,SUTATENZA,15,BOYACÁ,"5,022989"
15790,"-72,781011",Municipio,TASCO,15,BOYACÁ,"5,909821"
15798,"-73,421176",Municipio,TENZA,15,BOYACÁ,"5,076781"
15804,"-73,396457",Municipio,TIBANÁ,15,BOYACÁ,"5,317251"
15806,"-72,999449",Municipio,TIBASOSA,15,BOYACÁ,"5,74723"
15808,"-73,646847",Municipio,TINJACÁ,15,BOYACÁ,"5,579713"
15810,"-72,691729",Municipio,TIPACOQUE,15,BOYACÁ,"6,419203"
15814,"-73,184794",Municipio,TOCA,15,BOYACÁ,"5,566464"
15816,"-73,513655",Municipio,TOGÜÍ,15,BOYACÁ,"5,937438"
15820,"-72,832245",Municipio,TÓPAGA,15,BOYACÁ,"5,768201"
15822,"-72,985898",Municipio,TOTA,15,BOYACÁ,"5,560497"
15832,"-73,933155",Municipio,TUNUNGUÁ,15,BOYACÁ,"5,730582"
15835,"-73,491825",Municipio,TURMEQUÉ,15,BOYACÁ,"5,323261"
15837,"-73,230285",Municipio,TUTA,15,BOYACÁ,"5,689082"
15839,"-72,856035",Municipio,TUTAZÁ,15,BOYACÁ,"6,032608"
15842,"-73,456917",Municipio,ÚMBITA,15,BOYACÁ,"5,221176"
15861,"-73,522368",Municipio,VENTAQUEMADA,15,BOYACÁ,"5,368739"
15879,"-73,296894",Municipio,VIRACACHÁ,15,BOYACÁ,"5,436833"
15897,"-73,17098",Municipio,ZETAQUIRA,15,BOYACÁ,"5,283443"
17001,"-75,491025",Municipio,MANIZALES,17,CALDAS,"5,057657"
17013,"-75,45487",Municipio,AGUADAS,17,CALDAS,"5,610244"
17042,"-75,784343",Municipio,ANSERMA,17,CALDAS,"5,236471"
17050,"-75,49129",Municipio,ARANZAZU,17,CALDAS,"5,271195"
17088,"-75,811918",Municipio,BELALCÁZAR,17,CALDAS,"4,993785"
17174,"-75,607529",Municipio,CHINCHINÁ,17,CALDAS,"4,985227"
17272,"-75,562474",Municipio,FILADELFIA,17,CALDAS,"5,297091"
17380,"-74,668819",Municipio,LA DORADA,17,CALDAS,"5,460834"
17388,"-75,546486",Municipio,LA MERCED,17,CALDAS,"5,39647"
17433,"-75,152829",Municipio,MANZANARES,17,CALDAS,"5,255699"
17442,"-75,600049",Municipio,MARMATO,17,CALDAS,"5,47422"
17444,"-75,053097",Municipio,MARQUETALIA,17,CALDAS,"5,297525"
17446,"-75,259721",Municipio,MARULANDA,17,CALDAS,"5,284304"
17486,"-75,520006",Municipio,NEIRA,17,CALDAS,"5,166895"
17495,"-74,889543",Municipio,NORCASIA,17,CALDAS,"5,574796"
17513,"-75,459621",Municipio,PÁCORA,17,CALDAS,"5,527172"
17524,"-75,624577",Municipio,PALESTINA,17,CALDAS,"5,017879"
17541,"-75,160299",Municipio,PENSILVANIA,17,CALDAS,"5,383281"
17614,"-75,702104",Municipio,RIOSUCIO,17,CALDAS,"5,423673"
17616,"-75,76722",Municipio,RISARALDA,17,CALDAS,"5,164509"
17653,"-75,487223",Municipio,SALAMINA,17,CALDAS,"5,403025"
17662,"-74,992263",Municipio,SAMANÁ,17,CALDAS,"5,41308"
17665,"-75,792063",Municipio,SAN JOSÉ,17,CALDAS,"5,08231"
17777,"-75,64966",Municipio,SUPÍA,17,CALDAS,"5,446843"
17867,"-74,911239",Municipio,VICTORIA,17,CALDAS,"5,317437"
17873,"-75,502487",Municipio,VILLAMARÍA,17,CALDAS,"5,038925"
17877,"-75,87061",Municipio,VITERBO,17,CALDAS,"5,062664"
18001,"-75,609831",Municipio,FLORENCIA,18,CAQUETÁ,"1,618196"
18029,"-75,878375",Municipio,ALBANIA,18,CAQUETÁ,"1,328526"
18094,"-75,872405",Municipio,BELÉN DE LOS ANDAQUÍES,18,CAQUETÁ,"1,415812"
18150,"-74,847867",Municipio,CARTAGENA DEL CHAIRÁ,18,CAQUETÁ,"1,332371"
18205,"-75,919205",Municipio,CURILLO,18,CAQUETÁ,"1,033473"
18247,"-75,283631",Municipio,EL DONCELLO,18,CAQUETÁ,"1,679951"
18256,"-75,326093",Municipio,EL PAUJÍL,18,CAQUETÁ,"1,570226"
18410,"-75,436408",Municipio,LA MONTAÑITA,18,CAQUETÁ,"1,479173"
18460,"-75,506926",Municipio,MILÁN,18,CAQUETÁ,"1,29021"
18479,"-75,724146",Municipio,MORELIA,18,CAQUETÁ,"1,486611"
18592,"-75,157604",Municipio,PUERTO RICO,18,CAQUETÁ,"1,909063"
18610,"-75,973796",Municipio,SAN JOSÉ DEL FRAGUA,18,CAQUETÁ,"1,330266"
18753,"-74,767894",Municipio,SAN VICENTE DEL CAGUÁN,18,CAQUETÁ,"2,119413"
18756,"-75,253702",Municipio,SOLANO,18,CAQUETÁ,"0,699077"
18785,"-75,619902",Municipio,SOLITA,18,CAQUETÁ,"0,87654"
18860,"-75,70671",Municipio,VALPARAÍSO,18,CAQUETÁ,"1,194619"
19001,"-76,599377",Municipio,POPAYÁN,19,CAUCA,"2,459641"
19022,"-76,85607",Municipio,ALMAGUER,19,CAUCA,"1,913429"
19050,"-77,24905",Municipio,ARGELIA,19,CAUCA,"2,257427"
19075,"-77,215773",Municipio,BALBOA,19,CAUCA,"2,040998"
19100,"-76,966215",Municipio,BOLÍVAR,19,CAUCA,"1,837538"
19110,"-76,642238",Municipio,BUENOS AIRES,19,CAUCA,"3,015382"
19130,"-76,570682",Municipio,CAJIBÍO,19,CAUCA,"2,623371"
19137,"-76,484319",Municipio,CALDONO,19,CAUCA,"2,798059"
19142,"-76,408941",Municipio,CALOTO,19,CAUCA,"3,034531"
19212,"-76,261866",Municipio,CORINTO,19,CAUCA,"3,173854"
19256,"-76,810911",Municipio,EL TAMBO,19,CAUCA,"2,451409"
19290,"-77,072547",Municipio,FLORENCIA,19,CAUCA,"1,682535"
19300,"-76,392189",Municipio,GUACHENÉ,19,CAUCA,"3,134153"
19318,"-77,88797",Municipio,GUAPI,19,CAUCA,"2,571337"
19355,"-76,063503",Municipio,INZÁ,19,CAUCA,"2,549183"
19364,"-76,323877",Municipio,JAMBALÓ,19,CAUCA,"2,777834"
19392,"-76,763278",Municipio,LA SIERRA,19,CAUCA,"2,179383"
19397,"-76,778771",Municipio,LA VEGA,19,CAUCA,"2,001803"
19418,"-77,247803",Municipio,LÓPEZ DE MICAY,19,CAUCA,"2,846788"
19450,"-77,164319",Municipio,MERCADERES,19,CAUCA,"1,789193"
19455,"-76,228722",Municipio,MIRANDA,19,CAUCA,"3,254651"
19473,"-76,629106",Municipio,MORALES,19,CAUCA,"2,754684"
19513,"-76,313265",Municipio,PADILLA,19,CAUCA,"3,220984"
19517,"-75,970685",Municipio,PÁEZ,19,CAUCA,"2,645724"
19532,"-76,981075",Municipio,PATÍA,19,CAUCA,"2,115875"
19533,"-76,327588",Municipio,PIAMONTE,19,CAUCA,"1,11754"
19548,"-76,528615",Municipio,PIENDAMÓ - TUNÍA,19,CAUCA,"2,64228"
19573,"-76,417673",Municipio,PUERTO TEJADA,19,CAUCA,"3,233254"
19585,"-76,496698",Municipio,PURACÉ,19,CAUCA,"2,341507"
19622,"-76,740336",Municipio,ROSAS,19,CAUCA,"2,260941"
19693,"-76,769467",Municipio,SAN SEBASTIÁN,19,CAUCA,"1,838451"
19698,"-76,485141",Municipio,SANTANDER DE QUILICHAO,19,CAUCA,"3,015008"
19701,"-76,573252",Municipio,SANTA ROSA,19,CAUCA,"1,700916"
19743,"-76,379753",Municipio,SILVIA,19,CAUCA,"2,611927"
19760,"-76,613365",Municipio,SOTARÁ - PAISPAMBA,19,CAUCA,"2,253156"
19780,"-76,69357",Municipio,SUÁREZ,19,CAUCA,"2,959785"
19785,"-76,926279",Municipio,SUCRE,19,CAUCA,"2,038237"
19807,"-76,684476",Municipio,TIMBÍO,19,CAUCA,"2,349686"
19809,"-77,667541",Municipio,TIMBIQUÍ,19,CAUCA,"2,777312"
19821,"-76,270284",Municipio,TORIBÍO,19,CAUCA,"2,953017"
19824,"-76,403628",Municipio,TOTORÓ,19,CAUCA,"2,510252"
19845,"-76,458025",Municipio,VILLA RICA,19,CAUCA,"3,17762"
20001,"-73,259398",Municipio,VALLEDUPAR,20,CESAR,"10,460472"
20011,"-73,614027",Municipio,AGUACHICA,20,CESAR,"8,306811"
20013,"-73,238389",Municipio,AGUSTÍN CODAZZI,20,CESAR,"10,040454"
20032,"-73,975842",Municipio,ASTREA,20,CESAR,"9,498062"
20045,"-73,278707",Municipio,BECERRIL,20,CESAR,"9,704404"
20060,"-73,888761",Municipio,BOSCONIA,20,CESAR,"9,975098"
20175,"-73,813278",Municipio,CHIMICHAGUA,20,CESAR,"9,25875"
20178,"-73,599913",Municipio,CHIRIGUANÁ,20,CESAR,"9,361058"
20228,"-73,540843",Municipio,CURUMANÍ,20,CESAR,"9,201716"
20238,"-73,962703",Municipio,EL COPEY,20,CESAR,"10,149883"
20250,"-73,742012",Municipio,EL PASO,20,CESAR,"9,668461"
20295,"-73,737558",Municipio,GAMARRA,20,CESAR,"8,324793"
20310,"-73,38004",Municipio,GONZÁLEZ,20,CESAR,"8,389604"
20383,"-73,80321",Municipio,LA GLORIA,20,CESAR,"8,619298"
20400,"-73,334143",Municipio,LA JAGUA DE IBIRICO,20,CESAR,"9,563752"
20443,"-73,029472",Municipio,MANAURE BALCÓN DEL CESAR,20,CESAR,"10,390776"
20517,"-73,625825",Municipio,PAILITAS,20,CESAR,"8,959399"
20550,"-73,666735",Municipio,PELAYA,20,CESAR,"8,689451"
20570,"-73,586211",Municipio,PUEBLO BELLO,20,CESAR,"10,417321"
20614,"-73,386393",Municipio,RÍO DE ORO,20,CESAR,"8,292292"
20621,"-73,171365",Municipio,LA PAZ,20,CESAR,"10,387552"
20710,"-73,393889",Municipio,SAN ALBERTO,20,CESAR,"7,76111"
20750,"-73,181208",Municipio,SAN DIEGO,20,CESAR,"10,333039"
20770,"-73,510914",Municipio,SAN MARTÍN,20,CESAR,"7,999855"
20787,"-73,812172",Municipio,TAMALAMEQUE,20,CESAR,"8,861725"
23001,"-75,873096",Municipio,MONTERÍA,23,CÓRDOBA,"8,759789"
23068,"-75,146048",Municipio,AYAPEL,23,CÓRDOBA,"8,313838"
23079,"-75,480897",Municipio,BUENAVISTA,23,CÓRDOBA,"8,221187"
23090,"-76,241476",Municipio,CANALETE,23,CÓRDOBA,"8,786939"
23162,"-75,796093",Municipio,CERETÉ,23,CÓRDOBA,"8,888532"
23168,"-75,626886",Municipio,CHIMÁ,23,CÓRDOBA,"9,149698"
23182,"-75,399633",Municipio,CHINÚ,23,CÓRDOBA,"9,105473"
23189,"-75,620807",Municipio,CIÉNAGA DE ORO,23,CÓRDOBA,"8,875794"
23300,"-75,799216",Municipio,COTORRA,23,CÓRDOBA,"9,037163"
23350,"-75,336031",Municipio,LA APARTADA,23,CÓRDOBA,"8,050125"
23417,"-75,816084",Municipio,LORICA,23,CÓRDOBA,"9,240789"
23419,"-76,35518",Municipio,LOS CÓRDOBAS,23,CÓRDOBA,"8,892098"
23464,"-75,67796",Municipio,MOMIL,23,CÓRDOBA,"9,240707"
23466,"-75,416818",Municipio,MONTELÍBANO,23,CÓRDOBA,"7,973777"
23500,"-76,1291",Municipio,MOÑITOS,23,CÓRDOBA,"9,245223"
23555,"-75,583241",Municipio,PLANETA RICA,23,CÓRDOBA,"8,4082"
23570,"-75,508035",Municipio,PUEBLO NUEVO,23,CÓRDOBA,"8,504099"
23574,"-76,260411",Municipio,PUERTO ESCONDIDO,23,CÓRDOBA,"9,005372"
23580,"-75,671761",Municipio,PUERTO LIBERTADOR,23,CÓRDOBA,"7,888859"
23586,"-75,724987",Municipio,PURÍSIMA DE LA CONCEPCIÓN,23,CÓRDOBA,"9,239295"
23660,"-75,445834",Municipio,SAHAGÚN,23,CÓRDOBA,"8,943048"
23670,"-75,50879",Municipio,SAN ANDRÉS DE SOTAVENTO,23,CÓRDOBA,"9,145448"
23672,"-75,76112",Municipio,SAN ANTERO,23,CÓRDOBA,"9,376434"
23675,"-75,955107",Municipio,SAN BERNARDO DEL VIENTO,23,CÓRDOBA,"9,35247"
23678,"-75,698799",Municipio,SAN CARLOS,23,CÓRDOBA,"8,799282"
23682,"-75,533476",Municipio,SAN JOSÉ DE URÉ,23,CÓRDOBA,"7,787303"
23686,"-75,835615",Municipio,SAN PELAYO,23,CÓRDOBA,"8,958436"
23807,"-76,059797",Municipio,TIERRALTA,23,CÓRDOBA,"8,170612"
23815,"-75,553962",Municipio,TUCHÍN,23,CÓRDOBA,"9,186625"
23855,"-76,150756",Municipio,VALENCIA,23,CÓRDOBA,"8,255016"
25001,"-74,669221",Municipio,AGUA DE DIOS,25,CUNDINAMARCA,"4,375309"
25019,"-74,438261",Municipio,ALBÁN,25,CUNDINAMARCA,"4,878022"
25035,"-74,528676",Municipio,ANAPOIMA,25,CUNDINAMARCA,"4,562737"
25040,"-74,46384",Municipio,ANOLAIMA,25,CUNDINAMARCA,"4,7617"
25053,"-74,414901",Municipio,ARBELÁEZ,25,CUNDINAMARCA,"4,272534"
25086,"-74,741666",Municipio,BELTRÁN,25,CUNDINAMARCA,"4,802832"
25095,"-74,539609",Municipio,BITUIMA,25,CUNDINAMARCA,"4,872171"
25099,"-74,344594",Municipio,BOJACÁ,25,CUNDINAMARCA,"4,737205"
25120,"-74,484549",Municipio,CABRERA,25,CUNDINAMARCA,"3,985164"
25123,"-74,435711",Municipio,CACHIPAY,25,CUNDINAMARCA,"4,730957"
25126,"-74,02298",Municipio,CAJICÁ,25,CUNDINAMARCA,"4,920009"
25148,"-74,491045",Municipio,CAPARRAPÍ,25,CUNDINAMARCA,"5,34758"
25151,"-73,946473",Municipio,CÁQUEZA,25,CUNDINAMARCA,"4,404112"
25154,"-73,901357",Municipio,CARMEN DE CARUPA,25,CUNDINAMARCA,"5,349119"
25168,"-74,593455",Municipio,CHAGUANÍ,25,CUNDINAMARCA,"4,948916"
25175,"-74,05",Municipio,CHÍA,25,CUNDINAMARCA,"4,866508"
25178,"-74,044876",Municipio,CHIPAQUE,25,CUNDINAMARCA,"4,442671"
25181,"-73,922894",Municipio,CHOACHÍ,25,CUNDINAMARCA,"4,527048"
25183,"-73,683533",Municipio,CHOCONTÁ,25,CUNDINAMARCA,"5,145224"
25200,"-73,978497",Municipio,COGUA,25,CUNDINAMARCA,"5,061842"
25214,"-74,102569",Municipio,COTA,25,CUNDINAMARCA,"4,812564"
25224,"-73,766113",Municipio,CUCUNUBÁ,25,CUNDINAMARCA,"5,249795"
25245,"-74,442261",Municipio,EL COLEGIO,25,CUNDINAMARCA,"4,577951"
25258,"-74,290207",Municipio,EL PEÑÓN,25,CUNDINAMARCA,"5,248747"
25260,"-74,263103",Municipio,EL ROSAL,25,CUNDINAMARCA,"4,850589"
25269,"-74,350085",Municipio,FACATATIVÁ,25,CUNDINAMARCA,"4,813353"
25279,"-73,892523",Municipio,FÓMEQUE,25,CUNDINAMARCA,"4,485474"
25281,"-73,93902",Municipio,FOSCA,25,CUNDINAMARCA,"4,339093"
25286,"-74,201528",Municipio,FUNZA,25,CUNDINAMARCA,"4,710412"
25288,"-73,795855",Municipio,FÚQUENE,25,CUNDINAMARCA,"5,403997"
25290,"-74,37543",Municipio,FUSAGASUGÁ,25,CUNDINAMARCA,"4,336723"
25293,"-73,520161",Municipio,GACHALÁ,25,CUNDINAMARCA,"4,693579"
25295,"-73,873464",Municipio,GACHANCIPÁ,25,CUNDINAMARCA,"4,990947"
25297,"-73,636377",Municipio,GACHETÁ,25,CUNDINAMARCA,"4,816411"
25299,"-73,611037",Municipio,GAMA,25,CUNDINAMARCA,"4,763325"
25307,"-74,798201",Municipio,GIRARDOT,25,CUNDINAMARCA,"4,313069"
25312,"-74,350766",Municipio,GRANADA,25,CUNDINAMARCA,"4,519763"
25317,"-73,686972",Municipio,GUACHETÁ,25,CUNDINAMARCA,"5,383378"
25320,"-74,603402",Municipio,GUADUAS,25,CUNDINAMARCA,"5,072076"
25322,"-73,877143",Municipio,GUASCA,25,CUNDINAMARCA,"4,866719"
25324,"-74,790058",Municipio,GUATAQUÍ,25,CUNDINAMARCA,"4,517517"
25326,"-73,83293",Municipio,GUATAVITA,25,CUNDINAMARCA,"4,935211"
25328,"-74,467437",Municipio,GUAYABAL DE SÍQUIMA,25,CUNDINAMARCA,"4,877968"
25335,"-73,815107",Municipio,GUAYABETAL,25,CUNDINAMARCA,"4,215306"
25339,"-74,003042",Municipio,GUTIÉRREZ,25,CUNDINAMARCA,"4,254679"
25368,"-74,695474",Municipio,JERUSALÉN,25,CUNDINAMARCA,"4,562273"
25372,"-73,662961",Municipio,JUNÍN,25,CUNDINAMARCA,"4,79057"
25377,"-73,968161",Municipio,LA CALERA,25,CUNDINAMARCA,"4,721104"
25386,"-74,461588",Municipio,LA MESA,25,CUNDINAMARCA,"4,631028"
25394,"-74,391022",Municipio,LA PALMA,25,CUNDINAMARCA,"5,358816"
25398,"-74,394105",Municipio,LA PEÑA,25,CUNDINAMARCA,"5,198945"
25402,"-74,336885",Municipio,LA VEGA,25,CUNDINAMARCA,"4,997768"
25407,"-73,711512",Municipio,LENGUAZAQUE,25,CUNDINAMARCA,"5,306131"
25426,"-73,608226",Municipio,MACHETÁ,25,CUNDINAMARCA,"5,08007"
25430,"-74,265854",Municipio,MADRID,25,CUNDINAMARCA,"4,732791"
25436,"-73,540444",Municipio,MANTA,25,CUNDINAMARCA,"5,009008"
25438,"-73,348449",Municipio,MEDINA,25,CUNDINAMARCA,"4,506298"
25473,"-74,221154",Municipio,MOSQUERA,25,CUNDINAMARCA,"4,70653"
25483,"-74,824732",Municipio,NARIÑO,25,CUNDINAMARCA,"4,399837"
25486,"-73,877888",Municipio,NEMOCÓN,25,CUNDINAMARCA,"5,068705"
25488,"-74,620009",Municipio,NILO,25,CUNDINAMARCA,"4,305838"
25489,"-74,38604",Municipio,NIMAIMA,25,CUNDINAMARCA,"5,125992"
25491,"-74,379093",Municipio,NOCAIMA,25,CUNDINAMARCA,"5,069466"
25506,"-74,478301",Municipio,VENECIA,25,CUNDINAMARCA,"4,089056"
25513,"-74,156132",Municipio,PACHO,25,CUNDINAMARCA,"5,136907"
25518,"-74,152213",Municipio,PAIME,25,CUNDINAMARCA,"5,370487"
25524,"-74,486641",Municipio,PANDI,25,CUNDINAMARCA,"4,190393"
25530,"-73,212825",Municipio,PARATEBUENO,25,CUNDINAMARCA,"4,374832"
25535,"-74,302276",Municipio,PASCA,25,CUNDINAMARCA,"4,308979"
25572,"-74,653695",Municipio,PUERTO SALGAR,25,CUNDINAMARCA,"5,465413"
25580,"-74,71438",Municipio,PULÍ,25,CUNDINAMARCA,"4,682022"
25592,"-74,48014",Municipio,QUEBRADANEGRA,25,CUNDINAMARCA,"5,118076"
25594,"-73,863214",Municipio,QUETAME,25,CUNDINAMARCA,"4,329884"
25596,"-74,533705",Municipio,QUIPILE,25,CUNDINAMARCA,"4,74481"
25599,"-74,593926",Municipio,APULO,25,CUNDINAMARCA,"4,520304"
25612,"-74,772861",Municipio,RICAURTE,25,CUNDINAMARCA,"4,282113"
25645,"-74,351443",Municipio,SAN ANTONIO DEL TEQUENDAMA,25,CUNDINAMARCA,"4,616138"
25649,"-74,42296",Municipio,SAN BERNARDO,25,CUNDINAMARCA,"4,179433"
25653,"-74,024754",Municipio,SAN CAYETANO,25,CUNDINAMARCA,"5,332938"
25658,"-74,289672",Municipio,SAN FRANCISCO,25,CUNDINAMARCA,"4,972917"
25662,"-74,621919",Municipio,SAN JUAN DE RIOSECO,25,CUNDINAMARCA,"4,847575"
25718,"-74,432628",Municipio,SASAIMA,25,CUNDINAMARCA,"4,962167"
25736,"-73,796099",Municipio,SESQUILÉ,25,CUNDINAMARCA,"5,04476"
25740,"-74,257874",Municipio,SIBATÉ,25,CUNDINAMARCA,"4,492625"
25743,"-74,405534",Municipio,SILVANIA,25,CUNDINAMARCA,"4,381981"
25745,"-73,850703",Municipio,SIMIJACA,25,CUNDINAMARCA,"5,505231"
25754,"-74,215463",Municipio,SOACHA,25,CUNDINAMARCA,"4,579268"
25758,"-73,943328",Municipio,SOPÓ,25,CUNDINAMARCA,"4,915395"
25769,"-74,172773",Municipio,SUBACHOQUE,25,CUNDINAMARCA,"4,929118"
25772,"-73,798227",Municipio,SUESCA,25,CUNDINAMARCA,"5,103495"
25777,"-74,235403",Municipio,SUPATÁ,25,CUNDINAMARCA,"5,06162"
25779,"-73,813938",Municipio,SUSA,25,CUNDINAMARCA,"5,455291"
25781,"-73,853159",Municipio,SUTATAUSA,25,CUNDINAMARCA,"5,247482"
25785,"-74,096461",Municipio,TABIO,25,CUNDINAMARCA,"4,916832"
25793,"-73,887813",Municipio,TAUSA,25,CUNDINAMARCA,"5,196333"
25797,"-74,389193",Municipio,TENA,25,CUNDINAMARCA,"4,655286"
25799,"-74,143724",Municipio,TENJO,25,CUNDINAMARCA,"4,872014"
25805,"-74,452662",Municipio,TIBACUY,25,CUNDINAMARCA,"4,348605"
25807,"-73,504514",Municipio,TIBIRITA,25,CUNDINAMARCA,"5,052278"
25815,"-74,636296",Municipio,TOCAIMA,25,CUNDINAMARCA,"4,459279"
25817,"-73,91207",Municipio,TOCANCIPÁ,25,CUNDINAMARCA,"4,964641"
25823,"-74,300626",Municipio,TOPAIPÍ,25,CUNDINAMARCA,"5,336224"
25839,"-73,531489",Municipio,UBALÁ,25,CUNDINAMARCA,"4,74762"
25841,"-73,933477",Municipio,UBAQUE,25,CUNDINAMARCA,"4,483788"
25843,"-73,814367",Municipio,VILLA DE SAN DIEGO DE UBATÉ,25,CUNDINAMARCA,"5,307463"
25845,"-74,025183",Municipio,UNE,25,CUNDINAMARCA,"4,40245"
25851,"-74,483154",Municipio,ÚTICA,25,CUNDINAMARCA,"5,19055"
25862,"-74,346163",Municipio,VERGARA,25,CUNDINAMARCA,"5,117258"
25867,"-74,56132",Municipio,VIANÍ,25,CUNDINAMARCA,"4,875208"
25871,"-74,195145",Municipio,VILLAGÓMEZ,25,CUNDINAMARCA,"5,273024"
25873,"-73,595704",Municipio,VILLAPINZÓN,25,CUNDINAMARCA,"5,216393"
25875,"-74,469686",Municipio,VILLETA,25,CUNDINAMARCA,"5,012754"
25878,"-74,523131",Municipio,VIOTÁ,25,CUNDINAMARCA,"4,43935"
25885,"-74,33806",Municipio,YACOPÍ,25,CUNDINAMARCA,"5,459272"
25898,"-74,379566",Municipio,ZIPACÓN,25,CUNDINAMARCA,"4,759932"
25899,"-73,994444",Municipio,ZIPAQUIRÁ,25,CUNDINAMARCA,"5,025477"
27001,"-76,638144",Municipio,QUIBDÓ,27,CHOCÓ,"5,682166"
27006,"-77,279951",Municipio,ACANDÍ,27,CHOCÓ,"8,512178"
27025,"-76,974373",Municipio,ALTO BAUDÓ,27,CHOCÓ,"5,516221"
27050,"-76,635674",Municipio,ATRATO,27,CHOCÓ,"5,531419"
27073,"-76,416063",Municipio,BAGADÓ,27,CHOCÓ,"5,409681"
27075,"-77,401359",Municipio,BAHÍA SOLANO,27,CHOCÓ,"6,222807"
27077,"-77,365717",Municipio,BAJO BAUDÓ,27,CHOCÓ,"4,954576"
27099,"-76,886773",Municipio,BOJAYÁ,27,CHOCÓ,"6,559708"
27135,"-76,726844",Municipio,EL CANTÓN DEL SAN PABLO,27,CHOCÓ,"5,335321"
27150,"-76,970798",Municipio,CARMEN DEL DARIÉN,27,CHOCÓ,"7,158294"
27160,"-76,607619",Municipio,CÉRTEGUI,27,CHOCÓ,"5,371373"
27205,"-76,650683",Municipio,CONDOTO,27,CHOCÓ,"5,091003"
27245,"-76,142112",Municipio,EL CARMEN DE ATRATO,27,CHOCÓ,"5,899789"
27250,"-77,363702",Municipio,EL LITORAL DEL SAN JUAN,27,CHOCÓ,"4,259564"
27361,"-76,68518",Municipio,ISTMINA,27,CHOCÓ,"5,153946"
27372,"-77,762751",Municipio,JURADÓ,27,CHOCÓ,"7,103619"
27413,"-76,545147",Municipio,LLORÓ,27,CHOCÓ,"5,49789"
27425,"-76,783042",Municipio,MEDIO ATRATO,27,CHOCÓ,"5,994935"
27430,"-76,950891",Municipio,MEDIO BAUDÓ,27,CHOCÓ,"5,192471"
27450,"-76,694409",Municipio,MEDIO SAN JUAN,27,CHOCÓ,"5,098291"
27491,"-76,609467",Municipio,NÓVITA,27,CHOCÓ,"4,956063"
27493,"-76,71727",Municipio,NUEVO BELÉN DE BAJIRÁ,27,CHOCÓ,"7,3719"
27495,"-77,265507",Municipio,NUQUÍ,27,CHOCÓ,"5,709812"
27580,"-76,472925",Municipio,RÍO IRÓ,27,CHOCÓ,"5,1863"
27600,"-76,740684",Municipio,RÍO QUITO,27,CHOCÓ,"5,483667"
27615,"-77,113156",Municipio,RIOSUCIO,27,CHOCÓ,"7,436704"
27660,"-76,234227",Municipio,SAN JOSÉ DEL PALMAR,27,CHOCÓ,"4,896954"
27745,"-76,643453",Municipio,SIPÍ,27,CHOCÓ,"4,65262"
27787,"-76,558571",Municipio,TADÓ,27,CHOCÓ,"5,264873"
27800,"-77,092538",Municipio,UNGUÍA,27,CHOCÓ,"8,04406"
27810,"-76,630143",Municipio,UNIÓN PANAMERICANA,27,CHOCÓ,"5,281108"
41001,"-75,277327",Municipio,NEIVA,41,HUILA,"2,935432"
41006,"-75,888706",Municipio,ACEVEDO,41,HUILA,"1,805173"
41013,"-75,772022",Municipio,AGRADO,41,HUILA,"2,25987"
41016,"-75,239017",Municipio,AIPE,41,HUILA,"3,223996"
41020,"-75,315389",Municipio,ALGECIRAS,41,HUILA,"2,521674"
41026,"-75,788471",Municipio,ALTAMIRA,41,HUILA,"2,063841"
41078,"-75,054843",Municipio,BARAYA,41,HUILA,"3,152204"
41132,"-75,325748",Municipio,CAMPOALEGRE,41,HUILA,"2,686767"
41206,"-74,802815",Municipio,COLOMBIA,41,HUILA,"3,376745"
41244,"-75,938301",Municipio,ELÍAS,41,HUILA,"2,012854"
41298,"-75,627057",Municipio,GARZÓN,41,HUILA,"2,196493"
41306,"-75,547681",Municipio,GIGANTE,41,HUILA,"2,384031"
41319,"-75,757185",Municipio,GUADALUPE,41,HUILA,"2,02426"
41349,"-75,447697",Municipio,HOBO,41,HUILA,"2,580812"
41357,"-75,634497",Municipio,ÍQUIRA,41,HUILA,"2,649359"
41359,"-76,217637",Municipio,ISNOS,41,HUILA,"1,929467"
41378,"-75,979763",Municipio,LA ARGENTINA,41,HUILA,"2,198496"
41396,"-75,891254",Municipio,LA PLATA,41,HUILA,"2,389263"
41483,"-75,808756",Municipio,NÁTAGA,41,HUILA,"2,5451"
41503,"-75,995165",Municipio,OPORAPA,41,HUILA,"2,025088"
41518,"-75,773158",Municipio,PAICOL,41,HUILA,"2,449651"
41524,"-75,435296",Municipio,PALERMO,41,HUILA,"2,889649"
41530,"-76,133251",Municipio,PALESTINA,41,HUILA,"1,723725"
41548,"-75,804544",Municipio,PITAL,41,HUILA,"2,266618"
41551,"-76,049441",Municipio,PITALITO,41,HUILA,"1,852631"
41615,"-75,258753",Municipio,RIVERA,41,HUILA,"2,777586"
41660,"-76,044747",Municipio,SALADOBLANCO,41,HUILA,"1,9934"
41668,"-76,27036",Municipio,SAN AGUSTÍN,41,HUILA,"1,881081"
41676,"-75,586223",Municipio,SANTA MARÍA,41,HUILA,"2,939603"
41770,"-75,79525",Municipio,SUAZA,41,HUILA,"1,976051"
41791,"-75,823976",Municipio,TARQUI,41,HUILA,"2,111325"
41797,"-75,730271",Municipio,TESALIA,41,HUILA,"2,486364"
41799,"-75,138773",Municipio,TELLO,41,HUILA,"3,067538"
41801,"-75,567034",Municipio,TERUEL,41,HUILA,"2,740968"
41807,"-75,932167",Municipio,TIMANÁ,41,HUILA,"1,974539"
41872,"-75,217174",Municipio,VILLAVIEJA,41,HUILA,"3,218822"
41885,"-75,518023",Municipio,YAGUARÁ,41,HUILA,"2,664694"
44001,"-72,911795",Municipio,RIOHACHA,44,LA GUAJIRA,"11,528588"
44035,"-72,61232",Municipio,ALBANIA,44,LA GUAJIRA,"11,151628"
44078,"-72,793639",Municipio,BARRANCAS,44,LA GUAJIRA,"10,958669"
44090,"-73,307598",Municipio,DIBULLA,44,LA GUAJIRA,"11,27155"
44098,"-72,887405",Municipio,DISTRACCIÓN,44,LA GUAJIRA,"10,898414"
44110,"-72,92673",Municipio,EL MOLINO,44,LA GUAJIRA,"10,653505"
44279,"-72,846319",Municipio,FONSECA,44,LA GUAJIRA,"10,886734"
44378,"-72,75904",Municipio,HATONUEVO,44,LA GUAJIRA,"11,068864"
44420,"-73,072638",Municipio,LA JAGUA DEL PILAR,44,LA GUAJIRA,"10,511862"
44430,"-72,242738",Municipio,MAICAO,44,LA GUAJIRA,"11,378535"
44560,"-72,438739",Municipio,MANAURE,44,LA GUAJIRA,"11,773767"
44650,"-73,000629",Municipio,SAN JUAN DEL CESAR,44,LA GUAJIRA,"10,769546"
44847,"-72,265906",Municipio,URIBIA,44,LA GUAJIRA,"11,711904"
44855,"-73,012507",Municipio,URUMITA,44,LA GUAJIRA,"10,560169"
44874,"-72,977583",Municipio,VILLANUEVA,44,LA GUAJIRA,"10,608774"
47001,"-74,199829",Municipio,SANTA MARTA,47,MAGDALENA,"11,204679"
47030,"-74,061132",Municipio,ALGARROBO,47,MAGDALENA,"10,188059"
47053,"-74,186702",Municipio,ARACATACA,47,MAGDALENA,"10,589791"
47058,"-74,236515",Municipio,ARIGUANÍ,47,MAGDALENA,"9,847047"
47161,"-74,868474",Municipio,CERRO DE SAN ANTONIO,47,MAGDALENA,"10,325531"
47170,"-74,622242",Municipio,CHIVOLO,47,MAGDALENA,"10,026631"
47189,"-74,241286",Municipio,CIÉNAGA,47,MAGDALENA,"11,006654"
47205,"-74,83303",Municipio,CONCORDIA,47,MAGDALENA,"10,257314"
47245,"-73,97437",Municipio,EL BANCO,47,MAGDALENA,"9,008503"
47258,"-74,823094",Municipio,EL PIÑÓN,47,MAGDALENA,"10,402781"
47268,"-74,268444",Municipio,EL RETÉN,47,MAGDALENA,"10,610488"
47288,"-74,191453",Municipio,FUNDACIÓN,47,MAGDALENA,"10,514146"
47318,"-74,223689",Municipio,GUAMAL,47,MAGDALENA,"9,144354"
47460,"-74,391841",Municipio,NUEVA GRANADA,47,MAGDALENA,"9,80186"
47541,"-74,9154",Municipio,PEDRAZA,47,MAGDALENA,"10,18825"
47545,"-74,459034",Municipio,PIJIÑO DEL CARMEN,47,MAGDALENA,"9,331922"
47551,"-74,613312",Municipio,PIVIJAY,47,MAGDALENA,"10,460707"
47555,"-74,784549",Municipio,PLATO,47,MAGDALENA,"9,796713"
47570,"-74,28253",Municipio,PUEBLOVIEJO,47,MAGDALENA,"10,994766"
47605,"-74,716172",Municipio,REMOLINO,47,MAGDALENA,"10,701952"
47660,"-74,213946",Municipio,SABANAS DE SAN ÁNGEL,47,MAGDALENA,"10,032536"
47675,"-74,794189",Municipio,SALAMINA,47,MAGDALENA,"10,491229"
47692,"-74,351498",Municipio,SAN SEBASTIÁN DE BUENAVISTA,47,MAGDALENA,"9,241656"
47703,"-74,498992",Municipio,SAN ZENÓN,47,MAGDALENA,"9,245061"
47707,"-74,566845",Municipio,SANTA ANA,47,MAGDALENA,"9,324294"
47720,"-74,704667",Municipio,SANTA BÁRBARA DE PINTO,47,MAGDALENA,"9,432263"
47745,"-74,720021",Municipio,SITIONUEVO,47,MAGDALENA,"10,775285"
47798,"-74,859783",Municipio,TENERIFE,47,MAGDALENA,"9,898273"
47960,"-74,716878",Municipio,ZAPAYÁN,47,MAGDALENA,"10,168297"
47980,"-74,140091",Municipio,ZONA BANANERA,47,MAGDALENA,"10,763024"
50001,"-73,622601",Municipio,VILLAVICENCIO,50,META,"4,126369"
50006,"-73,766034",Municipio,ACACÍAS,50,META,"3,990413"
50110,"-72,961083",Municipio,BARRANCA DE UPÍA,50,META,"4,566225"
50124,"-72,791768",Municipio,CABUYARO,50,META,"4,286705"
50150,"-73,687302",Municipio,CASTILLA LA NUEVA,50,META,"3,830005"
50223,"-73,837999",Municipio,CUBARRAL,50,META,"3,793653"
50226,"-73,487052",Municipio,CUMARAL,50,META,"4,270042"
50245,"-73,713325",Municipio,EL CALVARIO,50,META,"4,352665"
50251,"-73,794225",Municipio,EL CASTILLO,50,META,"3,563907"
50270,"-73,835264",Municipio,EL DORADO,50,META,"3,739984"
50287,"-73,618121",Municipio,FUENTE DE ORO,50,META,"3,462875"
50313,"-73,705815",Municipio,GRANADA,50,META,"3,547147"
50318,"-73,768815",Municipio,GUAMAL,50,META,"3,879657"
50325,"-72,135509",Municipio,MAPIRIPÁN,50,META,"2,896617"
50330,"-74,044328",Municipio,MESETAS,50,META,"3,382732"
50350,"-73,78661",Municipio,LA MACARENA,50,META,"2,177143"
50370,"-74,351508",Municipio,URIBE,50,META,"3,239634"
50400,"-74,023514",Municipio,LEJANÍAS,50,META,"3,525115"
50450,"-72,760209",Municipio,PUERTO CONCORDIA,50,META,"2,624006"
50568,"-72,087649",Municipio,PUERTO GAITÁN,50,META,"4,314905"
50573,"-72,957324",Municipio,PUERTO LÓPEZ,50,META,"4,09349"
50577,"-73,37385",Municipio,PUERTO LLERAS,50,META,"3,272117"
50590,"-73,206314",Municipio,PUERTO RICO,50,META,"2,939621"
50606,"-73,565408",Municipio,RESTREPO,50,META,"4,259556"
50680,"-73,242253",Municipio,SAN CARLOS DE GUAROA,50,META,"3,71065"
50683,"-73,875832",Municipio,SAN JUAN DE ARAMA,50,META,"3,373728"
50686,"-73,676699",Municipio,SAN JUANITO,50,META,"4,458181"
50689,"-73,695812",Municipio,SAN MARTÍN,50,META,"3,701899"
50711,"-73,750966",Municipio,VISTAHERMOSA,50,META,"3,125579"
52001,"-77,278795",Municipio,PASTO,52,NARIÑO,"1,212352"
52019,"-77,080712",Municipio,ALBÁN,52,NARIÑO,"1,474978"
52022,"-77,700564",Municipio,ALDANA,52,NARIÑO,"0,882381"
52036,"-77,514512",Municipio,ANCUYA,52,NARIÑO,"1,263276"
52051,"-77,135467",Municipio,ARBOLEDA,52,NARIÑO,"1,503418"
52079,"-78,13765",Municipio,BARBACOAS,52,NARIÑO,"1,671733"
52083,"-77,015619",Municipio,BELÉN,52,NARIÑO,"1,595681"
52110,"-77,156463",Municipio,BUESACO,52,NARIÑO,"1,381453"
52203,"-77,019777",Municipio,COLÓN,52,NARIÑO,"1,643878"
52207,"-77,466136",Municipio,CONSACÁ,52,NARIÑO,"1,207854"
52210,"-77,549409",Municipio,CONTADERO,52,NARIÑO,"0,910458"
52215,"-77,517897",Municipio,CÓRDOBA,52,NARIÑO,"0,854564"
52224,"-77,728947",Municipio,CUASPUD CARLOSAMA,52,NARIÑO,"0,862978"
52227,"-77,792505",Municipio,CUMBAL,52,NARIÑO,"0,906367"
52233,"-77,578616",Municipio,CUMBITARA,52,NARIÑO,"1,647163"
52240,"-77,281869",Municipio,CHACHAGÜÍ,52,NARIÑO,"1,360545"
52250,"-78,110217",Municipio,EL CHARCO,52,NARIÑO,"2,479688"
52254,"-77,438522",Municipio,EL PEÑOL,52,NARIÑO,"1,453567"
52256,"-77,33417",Municipio,EL ROSARIO,52,NARIÑO,"1,745309"
52258,"-77,097101",Municipio,EL TABLÓN DE GÓMEZ,52,NARIÑO,"1,427277"
52260,"-77,390772",Municipio,EL TAMBO,52,NARIÑO,"1,407913"
52287,"-77,448913",Municipio,FUNES,52,NARIÑO,"1,001159"
52317,"-77,731589",Municipio,GUACHUCAL,52,NARIÑO,"0,959744"
52320,"-77,549824",Municipio,GUAITARILLA,52,NARIÑO,"1,129574"
52323,"-77,568701",Municipio,GUALMATÁN,52,NARIÑO,"0,919652"
52352,"-77,521227",Municipio,ILES,52,NARIÑO,"0,96952"
52354,"-77,496339",Municipio,IMUÉS,52,NARIÑO,"1,05506"
52356,"-77,646367",Municipio,IPIALES,52,NARIÑO,"0,827732"
52378,"-76,970504",Municipio,LA CRUZ,52,NARIÑO,"1,601318"
52381,"-77,402882",Municipio,LA FLORIDA,52,NARIÑO,"1,29753"
52385,"-77,58091",Municipio,LA LLANADA,52,NARIÑO,"1,472892"
52390,"-78,189725",Municipio,LA TOLA,52,NARIÑO,"2,398999"
52399,"-77,131316",Municipio,LA UNIÓN,52,NARIÑO,"1,600219"
52405,"-77,306135",Municipio,LEIVA,52,NARIÑO,"1,934453"
52411,"-77,523953",Municipio,LINARES,52,NARIÑO,"1,350814"
52418,"-77,521303",Municipio,LOS ANDES,52,NARIÑO,"1,494587"
52427,"-78,182924",Municipio,MAGÜÍ,52,NARIÑO,"1,765633"
52435,"-77,864549",Municipio,MALLAMA,52,NARIÑO,"1,141037"
52473,"-78,452992",Municipio,MOSQUERA,52,NARIÑO,"2,507139"
52480,"-77,357972",Municipio,NARIÑO,52,NARIÑO,"1,288979"
52490,"-78,325814",Municipio,OLAYA HERRERA,52,NARIÑO,"2,347457"
52506,"-77,566082",Municipio,OSPINA,52,NARIÑO,"1,058433"
52520,"-78,658361",Municipio,FRANCISCO PIZARRO,52,NARIÑO,"2,040629"
52540,"-77,458686",Municipio,POLICARPA,52,NARIÑO,"1,627196"
52560,"-77,573003",Municipio,POTOSÍ,52,NARIÑO,"0,806639"
52565,"-77,596794",Municipio,PROVIDENCIA,52,NARIÑO,"1,237814"
52573,"-77,504211",Municipio,PUERRES,52,NARIÑO,"0,885125"
52585,"-77,636042",Municipio,PUPIALES,52,NARIÑO,"0,870442"
52612,"-77,995153",Municipio,RICAURTE,52,NARIÑO,"1,212492"
52621,"-78,245716",Municipio,ROBERTO PAYÁN,52,NARIÑO,"1,697492"
52678,"-77,594341",Municipio,SAMANIEGO,52,NARIÑO,"1,335438"
52683,"-77,47313",Municipio,SANDONÁ,52,NARIÑO,"1,283438"
52685,"-77,0475",Municipio,SAN BERNARDO,52,NARIÑO,"1,513762"
52687,"-77,21542",Municipio,SAN LORENZO,52,NARIÑO,"1,503362"
52693,"-77,013984",Municipio,SAN PABLO,52,NARIÑO,"1,669429"
52694,"-77,11941",Municipio,SAN PEDRO DE CARTAGO,52,NARIÑO,"1,551572"
52696,"-77,979916",Municipio,SANTA BÁRBARA,52,NARIÑO,"2,449653"
52699,"-77,677035",Municipio,SANTACRUZ,52,NARIÑO,"1,222589"
52720,"-77,62028",Municipio,SAPUYES,52,NARIÑO,"1,037536"
52786,"-77,2808",Municipio,TAMINANGO,52,NARIÑO,"1,570358"
52788,"-77,393735",Municipio,TANGUA,52,NARIÑO,"1,09482"
52835,"-78,764073",Municipio,SAN ANDRÉS DE TUMACO,52,NARIÑO,"1,807399"
52838,"-77,61672",Municipio,TÚQUERRES,52,NARIÑO,"1,085044"
52885,"-77,400169",Municipio,YACUANQUER,52,NARIÑO,"1,115937"
54001,"-72,508178",Municipio,SAN JOSÉ DE CÚCUTA,54,NORTE DE SANTANDER,"7,905725"
54003,"-73,221722",Municipio,ÁBREGO,54,NORTE DE SANTANDER,"8,081616"
54051,"-72,798952",Municipio,ARBOLEDAS,54,NORTE DE SANTANDER,"7,642985"
54099,"-72,64701",Municipio,BOCHALEMA,54,NORTE DE SANTANDER,"7,612192"
54109,"-72,868231",Municipio,BUCARASICA,54,NORTE DE SANTANDER,"8,041299"
54125,"-72,642059",Municipio,CÁCOTA,54,NORTE DE SANTANDER,"7,268705"
54128,"-73,048983",Municipio,CÁCHIRA,54,NORTE DE SANTANDER,"7,741248"
54172,"-72,601162",Municipio,CHINÁCOTA,54,NORTE DE SANTANDER,"7,603112"
54174,"-72,665468",Municipio,CHITAGÁ,54,NORTE DE SANTANDER,"7,138187"
54206,"-73,3372",Municipio,CONVENCIÓN,54,NORTE DE SANTANDER,"8,470374"
54223,"-72,772816",Municipio,CUCUTILLA,54,NORTE DE SANTANDER,"7,539633"
54239,"-72,658491",Municipio,DURANIA,54,NORTE DE SANTANDER,"7,714804"
54245,"-73,446687",Municipio,EL CARMEN,54,NORTE DE SANTANDER,"8,510579"
54250,"-73,09614",Municipio,EL TARRA,54,NORTE DE SANTANDER,"8,574281"
54261,"-72,604717",Municipio,EL ZULIA,54,NORTE DE SANTANDER,"7,938572"
54313,"-72,787233",Municipio,GRAMALOTE,54,NORTE DE SANTANDER,"7,916946"
54344,"-73,145997",Municipio,HACARÍ,54,NORTE DE SANTANDER,"8,321506"
54347,"-72,483519",Municipio,HERRÁN,54,NORTE DE SANTANDER,"7,506541"
54377,"-72,495983",Municipio,LABATECA,54,NORTE DE SANTANDER,"7,298414"
54385,"-73,328126",Municipio,LA ESPERANZA,54,NORTE DE SANTANDER,"7,639839"
54398,"-73,239986",Municipio,LA PLAYA,54,NORTE DE SANTANDER,"8,21124"
54405,"-72,505612",Municipio,LOS PATIOS,54,NORTE DE SANTANDER,"7,833186"
54418,"-72,832376",Municipio,LOURDES,54,NORTE DE SANTANDER,"7,945631"
54480,"-72,747169",Municipio,MUTISCUA,54,NORTE DE SANTANDER,"7,300469"
54498,"-73,35607",Municipio,OCAÑA,54,NORTE DE SANTANDER,"8,248574"
54518,"-72,647714",Municipio,PAMPLONA,54,NORTE DE SANTANDER,"7,372802"
54520,"-72,639111",Municipio,PAMPLONITA,54,NORTE DE SANTANDER,"7,436745"
54553,"-72,411363",Municipio,PUERTO SANTANDER,54,NORTE DE SANTANDER,"8,359993"
54599,"-72,476708",Municipio,RAGONVALIA,54,NORTE DE SANTANDER,"7,577861"
54660,"-72,813064",Municipio,SALAZAR,54,NORTE DE SANTANDER,"7,773683"
54670,"-73,208622",Municipio,SAN CALIXTO,54,NORTE DE SANTANDER,"8,40214"
54673,"-72,625459",Municipio,SAN CAYETANO,54,NORTE DE SANTANDER,"7,875695"
54680,"-72,716203",Municipio,SANTIAGO,54,NORTE DE SANTANDER,"7,865856"
54720,"-72,800577",Municipio,SARDINATA,54,NORTE DE SANTANDER,"8,082105"
54743,"-72,757128",Municipio,SILOS,54,NORTE DE SANTANDER,"7,204736"
54800,"-73,28707",Municipio,TEORAMA,54,NORTE DE SANTANDER,"8,438134"
54810,"-72,734496",Municipio,TIBÚ,54,NORTE DE SANTANDER,"8,639891"
54820,"-72,481915",Municipio,TOLEDO,54,NORTE DE SANTANDER,"7,307692"
54871,"-72,973601",Municipio,VILLA CARO,54,NORTE DE SANTANDER,"7,914244"
54874,"-72,469758",Municipio,VILLA DEL ROSARIO,54,NORTE DE SANTANDER,"7,847672"
63001,"-75,680786",Municipio,ARMENIA,63,QUINDÍO,"4,53598"
63111,"-75,739572",Municipio,BUENAVISTA,63,QUINDÍO,"4,360029"
63130,"-75,646085",Municipio,CALARCÁ,63,QUINDÍO,"4,520982"
63190,"-75,636533",Municipio,CIRCASIA,63,QUINDÍO,"4,617759"
63212,"-75,687866",Municipio,CÓRDOBA,63,QUINDÍO,"4,392485"
63272,"-75,658387",Municipio,FILANDIA,63,QUINDÍO,"4,674338"
63302,"-75,790402",Municipio,GÉNOVA,63,QUINDÍO,"4,206641"
63401,"-75,786887",Municipio,LA TEBAIDA,63,QUINDÍO,"4,453755"
63470,"-75,749827",Municipio,MONTENEGRO,63,QUINDÍO,"4,565057"
63548,"-75,703329",Municipio,PIJAO,63,QUINDÍO,"4,335036"
63594,"-75,765074",Municipio,QUIMBAYA,63,QUINDÍO,"4,624387"
63690,"-75,570844",Municipio,SALENTO,63,QUINDÍO,"4,637157"
66001,"-75,719711",Municipio,PEREIRA,66,RISARALDA,"4,804985"
66045,"-75,942356",Municipio,APÍA,66,RISARALDA,"5,106526"
66075,"-75,958663",Municipio,BALBOA,66,RISARALDA,"4,949096"
66088,"-75,868334",Municipio,BELÉN DE UMBRÍA,66,RISARALDA,"5,200793"
66170,"-75,675371",Municipio,DOSQUEBRADAS,66,RISARALDA,"4,833131"
66318,"-75,799005",Municipio,GUÁTICA,66,RISARALDA,"5,315367"
66383,"-76,0032",Municipio,LA CELIA,66,RISARALDA,"5,002787"
66400,"-75,880394",Municipio,LA VIRGINIA,66,RISARALDA,"4,896624"
66440,"-75,73879",Municipio,MARSELLA,66,RISARALDA,"4,935771"
66456,"-75,882886",Municipio,MISTRATÓ,66,RISARALDA,"5,297039"
66572,"-76,030801",Municipio,PUEBLO RICO,66,RISARALDA,"5,222043"
66594,"-75,730431",Municipio,QUINCHÍA,66,RISARALDA,"5,340456"
66682,"-75,623268",Municipio,SANTA ROSA DE CABAL,66,RISARALDA,"4,876271"
66687,"-75,964628",Municipio,SANTUARIO,66,RISARALDA,"5,074911"
68001,"-73,132562",Municipio,BUCARAMANGA,68,SANTANDER,"7,11647"
68013,"-73,523132",Municipio,AGUADA,68,SANTANDER,"6,162355"
68020,"-73,91336",Municipio,ALBANIA,68,SANTANDER,"5,759166"
68051,"-73,01786",Municipio,ARATOCA,68,SANTANDER,"6,694418"
68077,"-73,615965",Municipio,BARBOSA,68,SANTANDER,"5,932531"
68079,"-73,223047",Municipio,BARICHARA,68,SANTANDER,"6,634111"
68081,"-73,849243",Municipio,BARRANCABERMEJA,68,SANTANDER,"7,064857"
68092,"-73,283669",Municipio,BETULIA,68,SANTANDER,"6,899525"
68101,"-73,771346",Municipio,BOLÍVAR,68,SANTANDER,"5,988953"
68121,"-73,246475",Municipio,CABRERA,68,SANTANDER,"6,592118"
68132,"-72,946491",Municipio,CALIFORNIA,68,SANTANDER,"7,347989"
68147,"-72,695427",Municipio,CAPITANEJO,68,SANTANDER,"6,527394"
68152,"-72,627099",Municipio,CARCASÍ,68,SANTANDER,"6,629016"
68160,"-72,973536",Municipio,CEPITÁ,68,SANTANDER,"6,753518"
68162,"-72,694851",Municipio,CERRITO,68,SANTANDER,"6,840405"
68167,"-73,146873",Municipio,CHARALÁ,68,SANTANDER,"6,284339"
68169,"-72,968798",Municipio,CHARTA,68,SANTANDER,"7,28082"
68176,"-73,373656",Municipio,CHIMA,68,SANTANDER,"6,344348"
68179,"-73,637111",Municipio,CHIPATÁ,68,SANTANDER,"6,062521"
68190,"-73,953011",Municipio,CIMITARRA,68,SANTANDER,"6,320886"
68207,"-72,694567",Municipio,CONCEPCIÓN,68,SANTANDER,"6,768908"
68209,"-73,240554",Municipio,CONFINES,68,SANTANDER,"6,357327"
68211,"-73,474426",Municipio,CONTRATACIÓN,68,SANTANDER,"6,290561"
68217,"-73,040816",Municipio,COROMORO,68,SANTANDER,"6,294999"
68229,"-73,069383",Municipio,CURITÍ,68,SANTANDER,"6,605099"
68235,"-73,51066",Municipio,EL CARMEN DE CHUCURÍ,68,SANTANDER,"6,700038"
68245,"-73,496908",Municipio,EL GUACAMAYO,68,SANTANDER,"6,245111"
68250,"-73,815532",Municipio,EL PEÑÓN,68,SANTANDER,"6,05537"
68255,"-73,20287",Municipio,EL PLAYÓN,68,SANTANDER,"7,470715"
68264,"-73,098749",Municipio,ENCINO,68,SANTANDER,"6,137429"
68266,"-72,699647",Municipio,ENCISO,68,SANTANDER,"6,668034"
68271,"-73,97143",Municipio,FLORIÁN,68,SANTANDER,"5,804659"
68276,"-73,099104",Municipio,FLORIDABLANCA,68,SANTANDER,"7,072329"
68296,"-73,287769",Municipio,GALÁN,68,SANTANDER,"6,638423"
68298,"-73,344185",Municipio,GÁMBITA,68,SANTANDER,"5,945998"
68307,"-73,166832",Municipio,GIRÓN,68,SANTANDER,"7,070432"
68318,"-72,856322",Municipio,GUACA,68,SANTANDER,"6,876563"
68320,"-73,419292",Municipio,GUADALUPE,68,SANTANDER,"6,245847"
68322,"-73,320732",Municipio,GUAPOTÁ,68,SANTANDER,"6,308635"
68324,"-73,700906",Municipio,GUAVATÁ,68,SANTANDER,"5,954348"
68327,"-73,575146",Municipio,GÜEPSA,68,SANTANDER,"6,025013"
68344,"-73,308399",Municipio,HATO,68,SANTANDER,"6,543957"
68368,"-73,783396",Municipio,JESÚS MARÍA,68,SANTANDER,"5,876497"
68370,"-73,096053",Municipio,JORDÁN,68,SANTANDER,"6,732727"
68377,"-73,965494",Municipio,LA BELLEZA,68,SANTANDER,"5,85925"
68385,"-73,811359",Municipio,LANDÁZURI,68,SANTANDER,"6,218812"
68397,"-73,58959",Municipio,LA PAZ,68,SANTANDER,"6,178509"
68406,"-73,219524",Municipio,LEBRIJA,68,SANTANDER,"7,113351"
68418,"-73,102739",Municipio,LOS SANTOS,68,SANTANDER,"6,755203"
68425,"-72,593105",Municipio,MACARAVITA,68,SANTANDER,"6,50658"
68432,"-72,732089",Municipio,MÁLAGA,68,SANTANDER,"6,703081"
68444,"-73,015566",Municipio,MATANZA,68,SANTANDER,"7,323175"
68464,"-72,969807",Municipio,MOGOTES,68,SANTANDER,"6,475246"
68468,"-72,809175",Municipio,MOLAGAVITA,68,SANTANDER,"6,67432"
68498,"-73,122563",Municipio,OCAMONTE,68,SANTANDER,"6,339988"
68500,"-73,299791",Municipio,OIBA,68,SANTANDER,"6,26521"
68502,"-72,816766",Municipio,ONZAGA,68,SANTANDER,"6,344104"
68522,"-73,29109",Municipio,PALMAR,68,SANTANDER,"6,537789"
68524,"-73,287764",Municipio,PALMAS DEL SOCORRO,68,SANTANDER,"6,406139"
68533,"-73,17022",Municipio,PÁRAMO,68,SANTANDER,"6,416811"
68547,"-73,054795",Municipio,PIEDECUESTA,68,SANTANDER,"6,997245"
68549,"-73,174209",Municipio,PINCHOTE,68,SANTANDER,"6,531552"
68572,"-73,677567",Municipio,PUENTE NACIONAL,68,SANTANDER,"5,878381"
68573,"-74,056129",Municipio,PUERTO PARRA,68,SANTANDER,"6,650785"
68575,"-73,899909",Municipio,PUERTO WILCHES,68,SANTANDER,"7,344057"
68615,"-73,150177",Municipio,RIONEGRO,68,SANTANDER,"7,265014"
68655,"-73,49906",Municipio,SABANA DE TORRES,68,SANTANDER,"7,391919"
68669,"-72,848864",Municipio,SAN ANDRÉS,68,SANTANDER,"6,811511"
68673,"-73,50907",Municipio,SAN BENITO,68,SANTANDER,"6,126656"
68679,"-73,134776",Municipio,SAN GIL,68,SANTANDER,"6,551952"
68682,"-72,867638",Municipio,SAN JOAQUÍN,68,SANTANDER,"6,427548"
68684,"-72,733616",Municipio,SAN JOSÉ DE MIRANDA,68,SANTANDER,"6,658995"
68686,"-72,644123",Municipio,SAN MIGUEL,68,SANTANDER,"6,575315"
68689,"-73,411024",Municipio,SAN VICENTE DE CHUCURÍ,68,SANTANDER,"6,880383"
68705,"-72,907445",Municipio,SANTA BÁRBARA,68,SANTANDER,"6,990996"
68720,"-73,616716",Municipio,SANTA HELENA DEL OPÓN,68,SANTANDER,"6,339565"
68745,"-73,337368",Municipio,SIMACOTA,68,SANTANDER,"6,443469"
68755,"-73,261198",Municipio,SOCORRO,68,SANTANDER,"6,46387"
68770,"-73,44165",Municipio,SUAITA,68,SANTANDER,"6,101329"
68773,"-73,790975",Municipio,SUCRE,68,SANTANDER,"5,918743"
68780,"-72,984232",Municipio,SURATÁ,68,SANTANDER,"7,36658"
68820,"-72,967023",Municipio,TONA,68,SANTANDER,"7,201417"
68855,"-73,143507",Municipio,VALLE DE SAN JOSÉ,68,SANTANDER,"6,448028"
68861,"-73,672447",Municipio,VÉLEZ,68,SANTANDER,"6,009275"
68867,"-72,871041",Municipio,VETAS,68,SANTANDER,"7,30981"
68872,"-73,174307",Municipio,VILLANUEVA,68,SANTANDER,"6,670078"
68895,"-73,268034",Municipio,ZAPATOCA,68,SANTANDER,"6,814387"
70001,"-75,395445",Municipio,SINCELEJO,70,SUCRE,"9,302322"
70110,"-74,972827",Municipio,BUENAVISTA,70,SUCRE,"9,319794"
70124,"-75,117141",Municipio,CAIMITO,70,SUCRE,"8,789324"
70204,"-75,353256",Municipio,COLOSÓ,70,SUCRE,"9,494192"
70215,"-75,293048",Municipio,COROZAL,70,SUCRE,"9,318749"
70221,"-75,680158",Municipio,COVEÑAS,70,SUCRE,"9,402779"
70230,"-75,312697",Municipio,CHALÁN,70,SUCRE,"9,545352"
70233,"-75,198378",Municipio,EL ROBLE,70,SUCRE,"9,100647"
70235,"-75,04959",Municipio,GALERAS,70,SUCRE,"9,160379"
70265,"-74,537749",Municipio,GUARANDA,70,SUCRE,"8,468556"
70400,"-75,276056",Municipio,LA UNIÓN,70,SUCRE,"8,853975"
70418,"-75,268716",Municipio,LOS PALMITOS,70,SUCRE,"9,380269"
70429,"-74,628077",Municipio,MAJAGUAL,70,SUCRE,"8,541163"
70473,"-75,305949",Municipio,MORROA,70,SUCRE,"9,331395"
70508,"-75,229037",Municipio,OVEJAS,70,SUCRE,"9,527176"
70523,"-75,541264",Municipio,PALMITO,70,SUCRE,"9,333157"
70670,"-75,380222",Municipio,SAMPUÉS,70,SUCRE,"9,183193"
70678,"-75,031089",Municipio,SAN BENITO ABAD,70,SUCRE,"8,930108"
70702,"-75,243565",Municipio,SAN JUAN DE BETULIA,70,SUCRE,"9,273066"
70708,"-75,133831",Municipio,SAN MARCOS,70,SUCRE,"8,661774"
70713,"-75,522398",Municipio,SAN ONOFRE,70,SUCRE,"9,736955"
70717,"-75,063647",Municipio,SAN PEDRO,70,SUCRE,"9,39625"
70742,"-75,145999",Municipio,SAN LUIS DE SINCÉ,70,SUCRE,"9,244308"
70771,"-74,723175",Municipio,SUCRE,70,SUCRE,"8,811737"
70820,"-75,581112",Municipio,SANTIAGO DE TOLÚ,70,SUCRE,"9,525387"
70823,"-75,44085",Municipio,SAN JOSÉ DE TOLUVIEJO,70,SUCRE,"9,451819"
73001,"-75,19425",Municipio,IBAGUÉ,73,TOLIMA,"4,432248"
73024,"-74,9329",Municipio,ALPUJARRA,73,TOLIMA,"3,391548"
73026,"-74,953418",Municipio,ALVARADO,73,TOLIMA,"4,567356"
73030,"-74,764429",Municipio,AMBALEMA,73,TOLIMA,"4,782682"
73043,"-75,093772",Municipio,ANZOÁTEGUI,73,TOLIMA,"4,631756"
73055,"-74,884438",Municipio,ARMERO,73,TOLIMA,"5,030744"
73067,"-75,382545",Municipio,ATACO,73,TOLIMA,"3,590591"
73124,"-75,431971",Municipio,CAJAMARCA,73,TOLIMA,"4,438812"
73148,"-74,717633",Municipio,CARMEN DE APICALÁ,73,TOLIMA,"4,152334"
73152,"-75,120966",Municipio,CASABIANCA,73,TOLIMA,"5,078465"
73168,"-75,480765",Municipio,CHAPARRAL,73,TOLIMA,"3,722918"
73200,"-74,898464",Municipio,COELLO,73,TOLIMA,"4,287276"
73217,"-75,193862",Municipio,COYAIMA,73,TOLIMA,"3,798036"
73226,"-74,692227",Municipio,CUNDAY,73,TOLIMA,"4,059259"
73236,"-74,896761",Municipio,DOLORES,73,TOLIMA,"3,539072"
73268,"-74,885446",Municipio,ESPINAL,73,TOLIMA,"4,151314"
73270,"-74,953007",Municipio,FALAN,73,TOLIMA,"5,123104"
73275,"-74,818763",Municipio,FLANDES,73,TOLIMA,"4,276373"
73283,"-75,035722",Municipio,FRESNO,73,TOLIMA,"5,153576"
73319,"-74,968135",Municipio,GUAMO,73,TOLIMA,"4,030992"
73347,"-75,177151",Municipio,HERVEO,73,TOLIMA,"5,080228"
73349,"-74,75699",Municipio,HONDA,73,TOLIMA,"5,211816"
73352,"-74,531969",Municipio,ICONONZO,73,TOLIMA,"4,176487"
73408,"-74,910716",Municipio,LÉRIDA,73,TOLIMA,"4,862046"
73411,"-75,061959",Municipio,LÍBANO,73,TOLIMA,"4,92042"
73443,"-74,889276",Municipio,SAN SEBASTIÁN DE MARIQUITA,73,TOLIMA,"5,199708"
73449,"-74,641317",Municipio,MELGAR,73,TOLIMA,"4,203655"
73461,"-75,171022",Municipio,MURILLO,73,TOLIMA,"4,874341"
73483,"-75,093182",Municipio,NATAGAIMA,73,TOLIMA,"3,624324"
73504,"-75,222601",Municipio,ORTEGA,73,TOLIMA,"3,934916"
73520,"-75,022167",Municipio,PALOCABILDO,73,TOLIMA,"5,120918"
73547,"-74,878106",Municipio,PIEDRAS,73,TOLIMA,"4,543951"
73555,"-75,644163",Municipio,PLANADAS,73,TOLIMA,"3,197911"
73563,"-74,927447",Municipio,PRADO,73,TOLIMA,"3,750939"
73585,"-74,935555",Municipio,PURIFICACIÓN,73,TOLIMA,"3,857246"
73616,"-75,644069",Municipio,RIOBLANCO,73,TOLIMA,"3,529932"
73622,"-75,605959",Municipio,RONCESVALLES,73,TOLIMA,"4,011567"
73624,"-75,240648",Municipio,ROVIRA,73,TOLIMA,"4,239019"
73671,"-75,016852",Municipio,SALDAÑA,73,TOLIMA,"3,929815"
73675,"-75,480074",Municipio,SAN ANTONIO,73,TOLIMA,"3,914146"
73678,"-75,095804",Municipio,SAN LUIS,73,TOLIMA,"4,133721"
73686,"-75,097934",Municipio,SANTA ISABEL,73,TOLIMA,"4,713606"
73770,"-74,831885",Municipio,SUÁREZ,73,TOLIMA,"4,048891"
73854,"-75,115669",Municipio,VALLE DE SAN JUAN,73,TOLIMA,"4,197494"
73861,"-74,929333",Municipio,VENADILLO,73,TOLIMA,"4,717878"
73870,"-75,117729",Municipio,VILLAHERMOSA,73,TOLIMA,"5,030452"
73873,"-74,600285",Municipio,VILLARRICA,73,TOLIMA,"3,936902"
76001,"-76,52133",Municipio,SANTIAGO DE CALI,76,VALLE DEL CAUCA,"3,413686"
76020,"-75,779792",Municipio,ALCALÁ,76,VALLE DEL CAUCA,"4,674994"
76036,"-76,167925",Municipio,ANDALUCÍA,76,VALLE DEL CAUCA,"4,171713"
76041,"-75,992003",Municipio,ANSERMANUEVO,76,VALLE DEL CAUCA,"4,794984"
76054,"-76,119905",Municipio,ARGELIA,76,VALLE DEL CAUCA,"4,726945"
76100,"-76,183583",Municipio,BOLÍVAR,76,VALLE DEL CAUCA,"4,337846"
76109,"-77,01074",Municipio,BUENAVENTURA,76,VALLE DEL CAUCA,"3,875708"
76111,"-76,298979",Municipio,GUADALAJARA DE BUGA,76,VALLE DEL CAUCA,"3,900736"
76113,"-76,15682",Municipio,BUGALAGRANDE,76,VALLE DEL CAUCA,"4,208358"
76122,"-75,830594",Municipio,CAICEDONIA,76,VALLE DEL CAUCA,"4,334808"
76126,"-76,484132",Municipio,CALIMA,76,VALLE DEL CAUCA,"3,933664"
76130,"-76,346519",Municipio,CANDELARIA,76,VALLE DEL CAUCA,"3,408354"
76147,"-75,924374",Municipio,CARTAGO,76,VALLE DEL CAUCA,"4,742192"
76233,"-76,68886",Municipio,DAGUA,76,VALLE DEL CAUCA,"3,657318"
76243,"-76,042779",Municipio,EL ÁGUILA,76,VALLE DEL CAUCA,"4,906062"
76246,"-76,221611",Municipio,EL CAIRO,76,VALLE DEL CAUCA,"4,760874"
76248,"-76,311972",Municipio,EL CERRITO,76,VALLE DEL CAUCA,"3,684229"
76250,"-76,237084",Municipio,EL DOVIO,76,VALLE DEL CAUCA,"4,510452"
76275,"-76,234199",Municipio,FLORIDA,76,VALLE DEL CAUCA,"3,324118"
76306,"-76,268068",Municipio,GINEBRA,76,VALLE DEL CAUCA,"3,724181"
76318,"-76,330911",Municipio,GUACARÍ,76,VALLE DEL CAUCA,"3,761815"
76364,"-76,538472",Municipio,JAMUNDÍ,76,VALLE DEL CAUCA,"3,258751"
76377,"-76,56805",Municipio,LA CUMBRE,76,VALLE DEL CAUCA,"3,649268"
76400,"-76,099661",Municipio,LA UNIÓN,76,VALLE DEL CAUCA,"4,533869"
76403,"-76,036529",Municipio,LA VICTORIA,76,VALLE DEL CAUCA,"4,523603"
76497,"-75,974709",Municipio,OBANDO,76,VALLE DEL CAUCA,"4,575712"
76520,"-76,298846",Municipio,PALMIRA,76,VALLE DEL CAUCA,"3,531544"
76563,"-76,241799",Municipio,PRADERA,76,VALLE DEL CAUCA,"3,419793"
76606,"-76,523329",Municipio,RESTREPO,76,VALLE DEL CAUCA,"3,821351"
76616,"-76,288313",Municipio,RIOFRÍO,76,VALLE DEL CAUCA,"4,156908"
76622,"-76,152277",Municipio,ROLDANILLO,76,VALLE DEL CAUCA,"4,413601"
76670,"-76,228692",Municipio,SAN PEDRO,76,VALLE DEL CAUCA,"3,995073"
76736,"-75,931629",Municipio,SEVILLA,76,VALLE DEL CAUCA,"4,270714"
76823,"-76,076859",Municipio,TORO,76,VALLE DEL CAUCA,"4,608085"
76828,"-76,318818",Municipio,TRUJILLO,76,VALLE DEL CAUCA,"4,212037"
76834,"-76,197731",Municipio,TULUÁ,76,VALLE DEL CAUCA,"4,085399"
76845,"-75,737808",Municipio,ULLOA,76,VALLE DEL CAUCA,"4,703623"
76863,"-76,199203",Municipio,VERSALLES,76,VALLE DEL CAUCA,"4,575019"
76869,"-76,441804",Municipio,VIJES,76,VALLE DEL CAUCA,"3,698686"
76890,"-76,382698",Municipio,YOTOCO,76,VALLE DEL CAUCA,"3,861241"
76892,"-76,499893",Municipio,YUMBO,76,VALLE DEL CAUCA,"3,540097"
76895,"-76,070795",Municipio,ZARZAL,76,VALLE DEL CAUCA,"4,392658"
81001,"-70,747408",Municipio,ARAUCA,81,ARAUCA,"7,072726"
81065,"-71,426733",Municipio,ARAUQUITA,81,ARAUCA,"7,02702"
81220,"-70,204286",Municipio,CRAVO NORTE,81,ARAUCA,"6,303913"
81300,"-71,76877",Municipio,FORTUL,81,ARAUCA,"6,796695"
81591,"-71,10339",Municipio,PUERTO RONDÓN,81,ARAUCA,"6,281461"
81736,"-71,872812",Municipio,SARAVENA,81,ARAUCA,"6,953926"
81794,"-71,754427",Municipio,TAME,81,ARAUCA,"6,453324"
85001,"-72,396132",Municipio,YOPAL,85,CASANARE,"5,327102"
85010,"-72,546838",Municipio,AGUAZUL,85,CASANARE,"5,172641"
85015,"-72,87016",Municipio,CHÁMEZA,85,CASANARE,"5,214527"
85125,"-71,764213",Municipio,HATO COROZAL,85,CASANARE,"6,154099"
85136,"-72,334978",Municipio,LA SALINA,85,CASANARE,"6,127762"
85139,"-72,281384",Municipio,MANÍ,85,CASANARE,"4,81681"
85162,"-72,894065",Municipio,MONTERREY,85,CASANARE,"4,877017"
85225,"-72,195323",Municipio,NUNCHÍA,85,CASANARE,"5,636474"
85230,"-71,338533",Municipio,OROCUÉ,85,CASANARE,"4,790258"
85250,"-71,890348",Municipio,PAZ DE ARIPORO,85,CASANARE,"5,879827"
85263,"-71,99286",Municipio,PORE,85,CASANARE,"5,72773"
85279,"-72,760991",Municipio,RECETOR,85,CASANARE,"5,229181"
85300,"-73,038696",Municipio,SABANALARGA,85,CASANARE,"4,854787"
85315,"-72,250157",Municipio,SÁCAMA,85,CASANARE,"6,096738"
85325,"-71,732198",Municipio,SAN LUIS DE PALENQUE,85,CASANARE,"5,422397"
85400,"-72,16165",Municipio,TÁMARA,85,CASANARE,"5,829543"
85410,"-72,74662",Municipio,TAURAMENA,85,CASANARE,"5,018977"
85430,"-71,662812",Municipio,TRINIDAD,85,CASANARE,"5,412178"
85440,"-72,927797",Municipio,VILLANUEVA,85,CASANARE,"4,61035"
86001,"-76,654238",Municipio,MOCOA,86,PUTUMAYO,"1,151172"
86219,"-76,972566",Municipio,COLÓN,86,PUTUMAYO,"1,190133"
86320,"-76,873276",Municipio,ORITO,86,PUTUMAYO,"0,663593"
86568,"-76,496887",Municipio,PUERTO ASÍS,86,PUTUMAYO,"0,505627"
86569,"-76,606118",Municipio,PUERTO CAICEDO,86,PUTUMAYO,"0,687784"
86571,"-76,407663",Municipio,PUERTO GUZMÁN,86,PUTUMAYO,"0,962854"
86573,"-74,781842",Municipio,PUERTO LEGUÍZAMO,86,PUTUMAYO,"-0,192318"
86749,"-76,917814",Municipio,SIBUNDOY,86,PUTUMAYO,"1,20026"
86755,"-76,879283",Municipio,SAN FRANCISCO,86,PUTUMAYO,"1,174194"
86757,"-76,91217",Municipio,SAN MIGUEL,86,PUTUMAYO,"0,34346"
86760,"-77,002641",Municipio,SANTIAGO,86,PUTUMAYO,"1,147076"
86865,"-76,906751",Municipio,VALLE DEL GUAMUEZ,86,PUTUMAYO,"0,423506"
86885,"-76,61721",Municipio,VILLAGARZÓN,86,PUTUMAYO,"1,028821"
88001,"-81,707181",Isla,SAN ANDRÉS,88,"ARCHIPIÉLAGO DE SAN ANDRÉS, PROVIDENCIA Y SANTA CATALINA","12,578108"
88564,"-81,368386",Municipio,PROVIDENCIA,88,"ARCHIPIÉLAGO DE SAN ANDRÉS, PROVIDENCIA Y SANTA CATALINA","13,373185"
91001,"-69,941721",Municipio,LETICIA,91,AMAZONAS,"-4,19895"
91263,"-73,207114",Área no municipalizada,EL ENCANTO,91,AMAZONAS,"-1,74806"
91405,"-72,791889",Área no municipalizada,LA CHORRERA,91,AMAZONAS,"-1,442617"
91407,"-69,585499",Área no municipalizada,LA PEDRERA,91,AMAZONAS,"-1,320301"
91430,"-71,223208",Área no municipalizada,LA VICTORIA,91,AMAZONAS,"0,054936"
91460,"-70,98893",Área no municipalizada,MIRITÍ - PARANÁ,91,AMAZONAS,"-0,888833"
91530,"-74,014461",Área no municipalizada,PUERTO ALEGRÍA,91,AMAZONAS,"-1,005674"
91536,"-71,752186",Área no municipalizada,PUERTO ARICA,91,AMAZONAS,"-2,147039"
91540,"-70,364937",Municipio,PUERTO NARIÑO,91,AMAZONAS,"-3,779934"
91669,"-72,384213",Área no municipalizada,PUERTO SANTANDER,91,AMAZONAS,"-0,621184"
91798,"-69,741745",Área no municipalizada,TARAPACÁ,91,AMAZONAS,"-2,890126"
94001,"-67,918613",Municipio,INÍRIDA,94,GUAINÍA,"3,866764"
94343,"-69,814066",Municipio,BARRANCOMINAS,94,GUAINÍA,"3,494178"
94883,"-67,067848",Área no municipalizada,SAN FELIPE,94,GUAINÍA,"1,912495"
94884,"-67,566774",Área no municipalizada,PUERTO COLOMBIA,94,GUAINÍA,"2,726438"
94885,"-66,963692",Área no municipalizada,LA GUADALUPE,94,GUAINÍA,"1,632464"
94886,"-67,413312",Área no municipalizada,CACAHUAL,94,GUAINÍA,"3,52617"
94887,"-69,0099",Área no municipalizada,PANA PANA,94,GUAINÍA,"1,865668"
94888,"-69,919404",Área no municipalizada,MORICHAL,94,GUAINÍA,"2,265132"
95001,"-72,639254",Municipio,SAN JOSÉ DEL GUAVIARE,95,GUAVIARE,"2,565932"
95015,"-72,655197",Municipio,CALAMAR,95,GUAVIARE,"1,960982"
95025,"-72,627304",Municipio,EL RETORNO,95,GUAVIARE,"2,330164"
95200,"-71,950416",Municipio,MIRAFLORES,95,GUAVIARE,"1,337539"
97001,"-70,232641",Municipio,MITÚ,97,VAUPÉS,"1,253151"
97161,"-71,30221",Municipio,CARURÚ,97,VAUPÉS,"1,016116"
97511,"-71,004339",Área no municipalizada,PACOA,97,VAUPÉS,"0,020698"
97666,"-69,635497",Municipio,TARAIRA,97,VAUPÉS,"-0,564984"
97777,"-70,76091",Área no municipalizada,PAPUNAHUA,97,VAUPÉS,"1,908124"
97889,"-69,203337",Área no municipalizada,YAVARATÉ,97,VAUPÉS,"0,609142"
99001,"-67,487095",Municipio,PUERTO CARREÑO,99,VICHADA,"6,186636"
99524,"-70,410515",Municipio,LA PRIMAVERA,99,VICHADA,"5,486309"
99624,"-70,859499",Municipio,SANTA ROSALÍA,99,VICHADA,"5,136393"
99773,"-69,795533",Municipio,CUMARIBO,99,VICHADA,"4,446352"
